index,lat,long,speed,date,time,air_val,dust,gsr
,,,,,,,,
0.0,51.531888,-0.125338,0.0,20524.0,14393000.0,14.0,0.0,411.0
1.0,51.531888,-0.125338,0.0,20524.0,14394900.0,26.0,0.0,412.0
2.0,51.531888,-0.125338,0.0,20524.0,14395000.0,27.0,0.0,414.0
3.0,51.531888,-0.125338,0.0,20524.0,14395100.0,26.0,0.0,415.0
4.0,51.531888,-0.125338,0.0,20524.0,14395200.0,26.0,0.0,416.0
5.0,51.531888,-0.125338,0.0,20524.0,14395300.0,26.0,0.0,416.0
6.0,51.531888,-0.125338,0.0,20524.0,14395400.0,25.0,0.0,417.0
7.0,51.531888,-0.125338,0.0,20524.0,14395500.0,26.0,0.0,417.0
8.0,51.531888,-0.125338,0.0,20524.0,14395600.0,27.0,0.0,417.0
9.0,51.531888,-0.125338,0.0,20524.0,14395700.0,27.0,0.0,418.0
10.0,51.531888,-0.125338,0.0,20524.0,14395800.0,26.0,1.87,417.0
11.0,51.531888,-0.125338,0.0,20524.0,14395900.0,27.0,1.87,401.0
12.0,51.531888,-0.125338,0.0,20524.0,14400000.0,26.0,1.87,398.0
13.0,51.532042,-0.125222,0.0,20524.0,14400100.0,25.0,1.87,401.0
14.0,51.53204,-0.125225,0.0,20524.0,14400200.0,25.0,1.87,404.0
15.0,51.532038,-0.125228,1.32,20524.0,14400300.0,26.0,1.87,406.0
16.0,51.53204,-0.125223,0.0,20524.0,14400400.0,26.0,1.87,406.0
17.0,51.532048,-0.125218,0.0,20524.0,14400500.0,26.0,1.87,409.0
18.0,51.532055,-0.125212,0.0,20524.0,14400600.0,26.0,1.87,408.0
19.0,51.532055,-0.125212,0.0,20524.0,14400700.0,26.0,1.87,406.0
20.0,51.532097,-0.125188,2.07,20524.0,14400800.0,26.0,1.87,405.0
21.0,51.532113,-0.12518,2.43,20524.0,14400900.0,26.0,1.87,402.0
22.0,51.532128,-0.125167,2.66,20524.0,14401000.0,25.0,1.87,399.0
23.0,51.53218,-0.125133,2.66,20524.0,14401200.0,25.0,1.87,396.0
24.0,51.532198,-0.125123,2.32,20524.0,14401300.0,25.0,1.87,398.0
25.0,51.532217,-0.125112,2.32,20524.0,14401400.0,25.0,1.87,402.0
26.0,51.532228,-0.125098,1.94,20524.0,14401500.0,26.0,1.87,405.0
27.0,51.53224,-0.125088,1.75,20524.0,14401600.0,25.0,1.87,404.0
28.0,51.53226,-0.125083,2.0,20524.0,14401700.0,26.0,1.87,400.0
29.0,51.532282,-0.125075,2.54,20524.0,14401800.0,26.0,1.87,403.0
30.0,51.532293,-0.125068,2.53,20524.0,14401900.0,26.0,1.87,403.0
31.0,51.532305,-0.12506,2.5,20524.0,14402000.0,26.0,1.87,405.0
32.0,51.532317,-0.125052,2.54,20524.0,14402100.0,25.0,1.87,405.0
33.0,51.532323,-0.125035,2.59,20524.0,14402200.0,26.0,1.87,402.0
34.0,51.532342,-0.125013,2.8,20524.0,14402400.0,25.0,1.87,404.0
35.0,51.532348,-0.125003,2.77,20524.0,14402500.0,26.0,1.87,405.0
36.0,51.532353,-0.12501,2.72,20524.0,14402600.0,26.0,1.87,406.0
37.0,51.532352,-0.12501,2.72,20524.0,14402700.0,25.0,0.62,407.0
38.0,51.532355,-0.12501,0.0,20524.0,14402800.0,26.0,0.62,409.0
39.0,51.532365,-0.12501,0.0,20524.0,14402900.0,26.0,0.62,408.0
40.0,51.532375,-0.125007,0.0,20524.0,14403000.0,25.0,0.62,402.0
41.0,51.532383,-0.125002,1.02,20524.0,14403100.0,26.0,0.62,402.0
42.0,51.532395,-0.125002,1.27,20524.0,14403200.0,25.0,0.62,410.0
43.0,51.532408,-0.124995,1.73,20524.0,14403300.0,26.0,0.62,412.0
44.0,51.532427,-0.124985,2.19,20524.0,14403400.0,26.0,0.62,413.0
45.0,51.532443,-0.124985,2.44,20524.0,14403500.0,26.0,0.62,411.0
46.0,51.532485,-0.124953,2.89,20524.0,14403700.0,26.0,0.62,408.0
47.0,51.532497,-0.124943,2.89,20524.0,14403800.0,26.0,0.62,407.0
48.0,51.532508,-0.12494,2.89,20524.0,14403900.0,26.0,0.62,408.0
49.0,51.532523,-0.12496,2.67,20524.0,14404000.0,25.0,0.62,407.0
50.0,51.53254,-0.124962,2.69,20524.0,14404100.0,26.0,0.62,407.0
51.0,51.532592,-0.124997,2.78,20524.0,14404200.0,25.0,0.62,407.0
52.0,51.532608,-0.12501,2.76,20524.0,14404300.0,26.0,0.62,403.0
53.0,51.53262,-0.125013,2.69,20524.0,14404400.0,25.0,0.62,405.0
54.0,51.53263,-0.125008,2.62,20524.0,14404500.0,25.0,0.62,408.0
55.0,51.532645,-0.125005,2.64,20524.0,14404600.0,25.0,0.62,408.0
56.0,51.532658,-0.124998,2.62,20524.0,14404700.0,25.0,0.62,404.0
57.0,51.532678,-0.124992,2.66,20524.0,14404900.0,26.0,0.62,400.0
58.0,51.532687,-0.124987,2.64,20524.0,14405000.0,25.0,0.62,399.0
59.0,51.532695,-0.124977,2.64,20524.0,14405100.0,25.0,0.62,400.0
60.0,51.53271,-0.124968,2.64,20524.0,14405200.0,25.0,0.62,405.0
61.0,51.532722,-0.124968,2.41,20524.0,14405300.0,25.0,0.62,407.0
62.0,51.532733,-0.124968,2.38,20524.0,14405400.0,25.0,0.62,408.0
63.0,51.532737,-0.124967,2.38,20524.0,14405500.0,26.0,0.62,408.0
64.0,51.53275,-0.12496,2.07,20524.0,14405600.0,26.0,0.62,408.0
65.0,51.532755,-0.124957,1.86,20524.0,14405700.0,25.0,0.62,409.0
66.0,51.532758,-0.124952,1.82,20524.0,14405800.0,26.0,0.62,412.0
67.0,51.53276,-0.124957,1.83,20524.0,14405900.0,26.0,0.62,411.0
68.0,51.532767,-0.124953,1.81,20524.0,14410000.0,26.0,0.62,409.0
69.0,51.532773,-0.124948,1.8,20524.0,14410100.0,26.0,0.62,409.0
70.0,51.532778,-0.124945,1.78,20524.0,14410200.0,26.0,0.62,410.0
71.0,51.532783,-0.124948,1.78,20524.0,14410300.0,26.0,0.62,410.0
72.0,51.53279,-0.124955,1.78,20524.0,14410500.0,26.0,0.62,410.0
73.0,51.53279,-0.124962,1.82,20524.0,14410600.0,26.0,0.62,412.0
74.0,51.532792,-0.124962,1.6,20524.0,14410700.0,26.0,0.62,413.0
75.0,51.532777,-0.124975,1.27,20524.0,14410800.0,26.0,0.62,411.0
76.0,51.532773,-0.124973,1.24,20524.0,14410900.0,26.0,0.62,407.0
77.0,51.532753,-0.124993,1.22,20524.0,14411000.0,26.0,0.62,408.0
78.0,51.532757,-0.124992,1.46,20524.0,14411100.0,26.0,0.62,408.0
79.0,51.532765,-0.124987,1.54,20524.0,14411200.0,26.0,0.62,411.0
80.0,51.532767,-0.124982,1.55,20524.0,14411300.0,26.0,0.62,412.0
81.0,51.532765,-0.12498,1.51,20524.0,14411400.0,25.0,0.62,412.0
82.0,51.532767,-0.124973,1.44,20524.0,14411500.0,26.0,0.62,407.0
83.0,51.532777,-0.124967,1.42,20524.0,14411700.0,25.0,0.62,407.0
84.0,51.532777,-0.124965,1.42,20524.0,14411800.0,26.0,0.62,409.0
85.0,51.532782,-0.124957,1.35,20524.0,14411900.0,25.0,0.62,410.0
86.0,51.532792,-0.124955,1.36,20524.0,14412000.0,26.0,0.62,411.0
87.0,51.532742,-0.12495,1.29,20524.0,14412100.0,26.0,0.62,412.0
88.0,51.532692,-0.124947,1.22,20524.0,14412200.0,26.0,0.62,413.0
89.0,51.53268,-0.124957,1.14,20524.0,14412300.0,26.0,0.62,414.0
90.0,51.53267,-0.124958,1.07,20524.0,14412400.0,26.0,0.62,415.0
91.0,51.532652,-0.124963,1.1,20524.0,14412500.0,26.0,0.62,411.0
92.0,51.532642,-0.12497,1.17,20524.0,14412600.0,26.0,0.62,408.0
93.0,51.532643,-0.124972,1.17,20524.0,14412700.0,26.0,0.62,408.0
94.0,51.532635,-0.124968,1.21,20524.0,14412800.0,26.0,0.62,411.0
95.0,51.532618,-0.12498,1.21,20524.0,14413000.0,25.0,0.62,412.0
96.0,51.532623,-0.124975,1.16,20524.0,14413100.0,26.0,0.62,413.0
97.0,51.532618,-0.124985,1.13,20524.0,14413200.0,27.0,0.62,414.0
98.0,51.532623,-0.124987,0.0,20524.0,14413300.0,26.0,0.62,412.0
99.0,51.53264,-0.124972,0.0,20524.0,14413400.0,26.0,0.62,410.0
100.0,51.532645,-0.124972,1.39,20524.0,14413500.0,25.0,0.62,411.0
101.0,51.53265,-0.124968,1.42,20524.0,14413600.0,26.0,0.62,411.0
102.0,51.53266,-0.12496,1.48,20524.0,14413700.0,26.0,0.62,412.0
103.0,51.532663,-0.12496,1.45,20524.0,14413800.0,26.0,0.62,413.0
104.0,51.532668,-0.124952,1.4,20524.0,14413900.0,26.0,0.62,416.0
105.0,51.532662,-0.124938,1.44,20524.0,14414000.0,26.0,0.62,415.0
106.0,51.532685,-0.124902,1.44,20524.0,14414200.0,26.0,0.62,415.0
107.0,51.532687,-0.124895,1.44,20524.0,14414300.0,25.0,0.62,412.0
108.0,51.532688,-0.124895,1.44,20524.0,14414400.0,26.0,0.62,412.0
109.0,51.532682,-0.124893,1.44,20524.0,14414500.0,27.0,0.62,413.0
110.0,51.532678,-0.124893,1.6,20524.0,14414600.0,26.0,0.62,410.0
111.0,51.532672,-0.124898,1.4,20524.0,14414700.0,26.0,0.62,399.0
112.0,51.532667,-0.1249,1.19,20524.0,14414800.0,25.0,0.62,401.0
113.0,51.532672,-0.1249,1.21,20524.0,14414900.0,25.0,0.62,401.0
114.0,51.532673,-0.124902,1.16,20524.0,14415000.0,25.0,0.62,401.0
115.0,51.532682,-0.124903,1.21,20524.0,14415100.0,25.0,0.62,401.0
116.0,51.532682,-0.124915,1.21,20524.0,14415200.0,25.0,0.62,401.0
117.0,51.532685,-0.124915,1.2,20524.0,14415300.0,25.0,0.62,400.0
118.0,51.532697,-0.124923,1.2,20524.0,14415500.0,25.0,0.62,402.0
119.0,51.532695,-0.124948,1.2,20524.0,14415600.0,25.0,0.62,401.0
120.0,51.532695,-0.124962,1.2,20524.0,14415700.0,25.0,0.62,402.0
121.0,51.532695,-0.124962,1.22,20524.0,14415700.0,25.0,0.62,403.0
122.0,51.53271,-0.124975,1.22,20524.0,14415800.0,25.0,0.98,404.0
123.0,51.532715,-0.124987,1.45,20524.0,14415900.0,25.0,0.98,405.0
124.0,51.532712,-0.12502,1.45,20524.0,14420000.0,25.0,0.98,407.0
125.0,51.532715,-0.125045,1.55,20524.0,14420100.0,25.0,0.98,406.0
126.0,51.532715,-0.12507,1.62,20524.0,14420200.0,26.0,0.98,406.0
127.0,51.532705,-0.125117,1.57,20524.0,14420300.0,27.0,0.98,407.0
128.0,51.532702,-0.125162,1.6,20524.0,14420400.0,26.0,0.98,407.0
129.0,51.5327,-0.125183,1.59,20524.0,14420500.0,26.0,0.98,406.0
130.0,51.532707,-0.125185,1.55,20524.0,14420600.0,26.0,0.98,405.0
131.0,51.532713,-0.125192,1.55,20524.0,14420700.0,25.0,0.98,405.0
132.0,51.532723,-0.125192,1.58,20524.0,14420800.0,26.0,0.98,405.0
133.0,51.532708,-0.125215,1.33,20524.0,14420900.0,26.0,0.98,407.0
134.0,51.532708,-0.125228,1.38,20524.0,14421000.0,26.0,0.98,408.0
135.0,51.532698,-0.12523,1.2,20524.0,14421100.0,26.0,0.98,409.0
136.0,51.532687,-0.12524,0.93,20524.0,14421200.0,26.0,0.98,411.0
137.0,51.532688,-0.12524,0.91,20524.0,14421300.0,26.0,0.98,412.0
138.0,51.532693,-0.125235,0.93,20524.0,14421400.0,26.0,0.98,417.0
139.0,51.532695,-0.12523,0.93,20524.0,14421500.0,26.0,0.98,415.0
140.0,51.532702,-0.125225,0.99,20524.0,14421600.0,26.0,0.98,413.0
141.0,51.532715,-0.125218,1.21,20524.0,14421700.0,26.0,0.98,413.0
142.0,51.532738,-0.1252,1.21,20524.0,14421900.0,26.0,0.98,413.0
143.0,51.53274,-0.12521,1.21,20524.0,14422000.0,26.0,0.98,414.0
144.0,51.532747,-0.125208,1.21,20524.0,14422100.0,25.0,0.98,414.0
145.0,51.532753,-0.125205,1.15,20524.0,14422200.0,27.0,0.98,415.0
146.0,51.532763,-0.125203,1.14,20524.0,14422300.0,26.0,0.98,417.0
147.0,51.532767,-0.125198,1.13,20524.0,14422400.0,26.0,0.98,416.0
148.0,51.532775,-0.12519,1.17,20524.0,14422500.0,25.0,0.98,418.0
149.0,51.532785,-0.125183,1.22,20524.0,14422600.0,26.0,0.98,418.0
150.0,51.532798,-0.125173,1.47,20524.0,14422700.0,26.0,0.98,418.0
151.0,51.532803,-0.125167,1.45,20524.0,14422800.0,26.0,0.62,418.0
152.0,51.53281,-0.125162,1.39,20524.0,14422900.0,26.0,0.62,420.0
153.0,51.532828,-0.125145,1.14,20524.0,14423100.0,26.0,0.62,418.0
154.0,51.532842,-0.125137,1.2,20524.0,14423200.0,26.0,0.62,418.0
155.0,51.532865,-0.12513,1.2,20524.0,14423300.0,26.0,0.62,421.0
156.0,51.53287,-0.125122,1.45,20524.0,14423400.0,27.0,0.62,406.0
157.0,51.532883,-0.125112,1.48,20524.0,14423500.0,25.0,0.62,394.0
158.0,51.532892,-0.125103,1.43,20524.0,14423600.0,24.0,0.62,389.0
159.0,51.532898,-0.125102,1.22,20524.0,14423700.0,25.0,0.62,385.0
160.0,51.532918,-0.125078,1.27,20524.0,14423800.0,24.0,0.62,386.0
161.0,51.53293,-0.125068,1.55,20524.0,14423900.0,24.0,0.62,388.0
162.0,51.532945,-0.125065,1.88,20524.0,14424000.0,25.0,0.62,394.0
163.0,51.532953,-0.125062,1.86,20524.0,14424100.0,25.0,0.62,398.0
164.0,51.532975,-0.125053,1.86,20524.0,14424300.0,25.0,0.62,399.0
165.0,51.53299,-0.125043,1.86,20524.0,14424400.0,25.0,0.62,400.0
166.0,51.53301,-0.125035,1.86,20524.0,14424500.0,25.0,0.62,403.0
167.0,51.533023,-0.125027,1.81,20524.0,14424600.0,25.0,0.62,403.0
168.0,51.533052,-0.124997,1.98,20524.0,14424700.0,25.0,0.62,405.0
169.0,51.533068,-0.124985,2.07,20524.0,14424800.0,25.0,0.62,405.0
170.0,51.533098,-0.124975,2.46,20524.0,14424900.0,25.0,0.62,404.0
171.0,51.533115,-0.124973,2.47,20524.0,14425000.0,26.0,0.62,397.0
172.0,51.533137,-0.124968,2.52,20524.0,14425100.0,24.0,0.62,399.0
173.0,51.533163,-0.124958,2.76,20524.0,14425200.0,24.0,0.62,404.0
174.0,51.5332,-0.124942,3.1,20524.0,14425300.0,25.0,0.62,400.0
175.0,51.533222,-0.124935,3.12,20524.0,14425400.0,25.0,0.62,390.0
176.0,51.533267,-0.12492,3.18,20524.0,14425600.0,24.0,0.62,388.0
177.0,51.533285,-0.124907,3.18,20524.0,14425700.0,24.0,0.62,393.0
178.0,51.53331,-0.124903,3.18,20524.0,14425800.0,24.0,0.62,394.0
179.0,51.533332,-0.124902,3.06,20524.0,14425900.0,25.0,0.62,397.0
180.0,51.533365,-0.124895,3.39,20524.0,14430000.0,25.0,0.62,399.0
181.0,51.533388,-0.12489,2.82,20524.0,14430100.0,25.0,0.62,401.0
182.0,51.533412,-0.124882,2.46,20524.0,14430200.0,25.0,0.62,401.0
183.0,51.533428,-0.124875,1.91,20524.0,14430300.0,25.0,0.62,398.0
184.0,51.53344,-0.124875,1.44,20524.0,14430400.0,25.0,0.62,397.0
185.0,51.533462,-0.12486,1.48,20524.0,14430500.0,25.0,0.62,398.0
186.0,51.533478,-0.124855,2.27,20524.0,14430600.0,25.0,0.62,400.0
187.0,51.53351,-0.124842,2.76,20524.0,14430800.0,25.0,0.62,403.0
188.0,51.533525,-0.124837,2.52,20524.0,14430900.0,26.0,0.62,404.0
189.0,51.533552,-0.124805,2.52,20524.0,14431000.0,26.0,0.62,407.0
190.0,51.533575,-0.124778,3.26,20524.0,14431100.0,26.0,0.62,408.0
191.0,51.533592,-0.124762,2.9,20524.0,14431200.0,25.0,0.62,409.0
192.0,51.5336,-0.124755,1.81,20524.0,14431300.0,26.0,0.62,408.0
193.0,51.533607,-0.124747,1.48,20524.0,14431400.0,26.0,0.62,408.0
194.0,51.533623,-0.124735,1.1,20524.0,14431500.0,26.0,0.62,408.0
195.0,51.53363,-0.124733,1.31,20524.0,14431600.0,26.0,0.62,408.0
196.0,51.53365,-0.124727,2.39,20524.0,14431700.0,27.0,0.62,409.0
197.0,51.533663,-0.124725,3.42,20524.0,14431800.0,26.0,0.62,408.0
198.0,51.533685,-0.12473,3.43,20524.0,14431900.0,26.0,0.62,406.0
199.0,51.533697,-0.124753,2.84,20524.0,14432100.0,26.0,0.62,406.0
200.0,51.533715,-0.12477,2.84,20524.0,14432200.0,26.0,0.62,407.0
201.0,51.533728,-0.124773,2.21,20524.0,14432300.0,27.0,0.62,409.0
202.0,51.533737,-0.124775,1.61,20524.0,14432400.0,26.0,0.62,409.0
203.0,51.533753,-0.124772,1.82,20524.0,14432500.0,26.0,0.62,409.0
204.0,51.533768,-0.124763,1.88,20524.0,14432600.0,26.0,0.62,408.0
205.0,51.53378,-0.124755,1.94,20524.0,14432700.0,26.0,0.62,407.0
206.0,51.533798,-0.124747,1.91,20524.0,14432800.0,26.0,0.62,408.0
207.0,51.533813,-0.124733,1.97,20524.0,14432900.0,26.0,0.62,416.0
208.0,51.53383,-0.124727,2.34,20524.0,14433000.0,25.0,0.62,411.0
209.0,51.533852,-0.124715,2.53,20524.0,14433100.0,26.0,0.62,404.0
210.0,51.533885,-0.124702,2.32,20524.0,14433300.0,25.0,0.62,401.0
211.0,51.533903,-0.12469,2.09,20524.0,14433400.0,26.0,0.62,396.0
212.0,51.533925,-0.124672,2.09,20524.0,14433500.0,25.0,0.62,395.0
213.0,51.533943,-0.12466,2.29,20524.0,14433600.0,25.0,0.62,395.0
214.0,51.533963,-0.124648,2.26,20524.0,14433700.0,25.0,0.62,398.0
215.0,51.533982,-0.124637,2.31,20524.0,14433800.0,25.0,0.62,396.0
216.0,51.534005,-0.124628,3.06,20524.0,14433900.0,25.0,0.62,396.0
217.0,51.53402,-0.124625,3.14,20524.0,14434000.0,25.0,0.62,396.0
218.0,51.534033,-0.124625,2.77,20524.0,14434100.0,25.0,0.62,395.0
219.0,51.53405,-0.124612,3.26,20524.0,14434200.0,25.0,0.62,398.0
220.0,51.534068,-0.124602,3.05,20524.0,14434300.0,25.0,0.62,399.0
221.0,51.534108,-0.124558,2.16,20524.0,14434400.0,25.0,0.62,402.0
222.0,51.53412,-0.12455,2.16,20524.0,14434600.0,25.0,0.62,405.0
223.0,51.534142,-0.124532,0.0,20524.0,14434700.0,26.0,0.62,407.0
224.0,51.534163,-0.124508,0.0,20524.0,14434800.0,26.0,0.62,406.0
225.0,51.534172,-0.124503,1.28,20524.0,14434900.0,26.0,0.62,406.0
226.0,51.534182,-0.124498,1.51,20524.0,14435000.0,26.0,0.62,406.0
227.0,51.534193,-0.1245,1.8,20524.0,14435100.0,26.0,0.62,407.0
228.0,51.5342,-0.124502,1.81,20524.0,14435200.0,26.0,0.62,408.0
229.0,51.53421,-0.124498,1.86,20524.0,14435300.0,26.0,0.62,408.0
230.0,51.534218,-0.1245,1.93,20524.0,14435400.0,25.0,0.62,407.0
231.0,51.534228,-0.1245,1.97,20524.0,14435500.0,26.0,0.62,406.0
232.0,51.534225,-0.124517,1.9,20524.0,14435600.0,26.0,0.62,407.0
233.0,51.534233,-0.124527,1.71,20524.0,14435800.0,27.0,0.62,407.0
234.0,51.534237,-0.124532,1.73,20524.0,14435900.0,26.0,0.62,407.0
235.0,51.534238,-0.124538,1.73,20524.0,14440000.0,25.0,0.62,408.0
236.0,51.534238,-0.12454,1.12,20524.0,14440100.0,26.0,0.62,408.0
237.0,51.534243,-0.124537,1.13,20524.0,14440200.0,26.0,0.62,409.0
238.0,51.534252,-0.124535,1.45,20524.0,14440300.0,26.0,0.62,409.0
239.0,51.534258,-0.124535,1.48,20524.0,14440400.0,26.0,0.62,408.0
240.0,51.534265,-0.124533,1.52,20524.0,14440500.0,26.0,0.62,408.0
241.0,51.534272,-0.124533,1.57,20524.0,14440600.0,26.0,0.62,409.0
242.0,51.534275,-0.124528,1.5,20524.0,14440700.0,26.0,0.62,410.0
243.0,51.534278,-0.12453,1.21,20524.0,14440800.0,26.0,0.62,413.0
244.0,51.53429,-0.124522,1.21,20524.0,14441000.0,26.0,0.62,409.0
245.0,51.534297,-0.124518,1.21,20524.0,14441100.0,26.0,0.62,405.0
246.0,51.5343,-0.12452,1.21,20524.0,14441200.0,26.0,0.62,405.0
247.0,51.534303,-0.124522,1.21,20524.0,14441300.0,26.0,0.62,405.0
248.0,51.53431,-0.12452,1.4,20524.0,14441400.0,25.0,0.62,407.0
249.0,51.534313,-0.124515,1.32,20524.0,14441500.0,26.0,0.62,407.0
250.0,51.53432,-0.12451,1.35,20524.0,14441600.0,26.0,0.62,409.0
251.0,51.534315,-0.12452,0.0,20524.0,14441700.0,26.0,0.62,409.0
252.0,51.534317,-0.124522,0.0,20524.0,14441800.0,27.0,0.62,409.0
253.0,51.53432,-0.124523,0.0,20524.0,14441900.0,26.0,0.62,410.0
254.0,51.53432,-0.124523,0.0,20524.0,14442000.0,26.0,0.62,409.0
255.0,51.53432,-0.124523,0.0,20524.0,14442100.0,26.0,0.62,411.0
256.0,51.53432,-0.124523,0.0,20524.0,14442300.0,26.0,0.62,411.0
257.0,51.534347,-0.12453,0.0,20524.0,14442400.0,26.0,0.62,409.0
258.0,51.534347,-0.124538,1.06,20524.0,14442500.0,26.0,0.62,400.0
259.0,51.534352,-0.124535,0.0,20524.0,14442600.0,26.0,0.62,397.0
260.0,51.534358,-0.124545,0.0,20524.0,14442700.0,25.0,0.62,397.0
261.0,51.534362,-0.12455,1.15,20524.0,14442800.0,25.0,0.62,390.0
262.0,51.534365,-0.124553,1.12,20524.0,14442900.0,25.0,0.62,398.0
263.0,51.534367,-0.12456,1.1,20524.0,14443000.0,25.0,0.62,377.0
264.0,51.534368,-0.124567,1.05,20524.0,14443100.0,23.0,0.62,377.0
265.0,51.534367,-0.124578,0.0,20524.0,14443200.0,24.0,0.62,371.0
266.0,51.534382,-0.124603,0.0,20524.0,14443300.0,23.0,0.62,367.0
267.0,51.534407,-0.124628,0.0,20524.0,14443500.0,24.0,0.62,363.0
268.0,51.534418,-0.124643,0.0,20524.0,14443600.0,23.0,0.62,367.0
269.0,51.534437,-0.124655,0.0,20524.0,14443700.0,23.0,0.62,376.0
270.0,51.534453,-0.12466,0.0,20524.0,14443800.0,24.0,0.62,385.0
271.0,51.53446,-0.124668,1.37,20524.0,14443900.0,24.0,0.62,377.0
272.0,51.534473,-0.124677,1.46,20524.0,14444000.0,24.0,0.62,369.0
273.0,51.534483,-0.124682,1.17,20524.0,14444100.0,23.0,0.62,359.0
274.0,51.534503,-0.124692,1.77,20524.0,14444200.0,23.0,0.62,358.0
275.0,51.534525,-0.124702,1.85,20524.0,14444300.0,23.0,0.62,342.0
276.0,51.534548,-0.12471,2.23,20524.0,14444400.0,22.0,0.62,344.0
277.0,51.534557,-0.124717,2.26,20524.0,14444500.0,22.0,0.62,344.0
278.0,51.534582,-0.124752,2.3,20524.0,14444700.0,23.0,0.62,337.0
279.0,51.534592,-0.124767,2.29,20524.0,14444800.0,22.0,0.62,343.0
280.0,51.534603,-0.124773,2.32,20524.0,14444900.0,22.0,0.62,350.0
281.0,51.534615,-0.124772,2.3,20524.0,14445000.0,23.0,0.62,362.0
282.0,51.534627,-0.124778,2.29,20524.0,14445100.0,23.0,0.62,363.0
283.0,51.53465,-0.12476,2.29,20524.0,14445200.0,23.0,0.62,364.0
284.0,51.534663,-0.124768,2.29,20524.0,14445300.0,23.0,0.62,367.0
285.0,51.53468,-0.124763,2.3,20524.0,14445400.0,23.0,0.62,369.0
286.0,51.534702,-0.12477,2.31,20524.0,14445500.0,24.0,0.62,372.0
287.0,51.53472,-0.12477,2.34,20524.0,14445600.0,24.0,0.62,378.0
288.0,51.534742,-0.124777,2.39,20524.0,14445700.0,24.0,0.62,377.0
289.0,51.534782,-0.124787,2.45,20524.0,14445900.0,24.0,0.62,375.0
290.0,51.534797,-0.124795,2.47,20524.0,14450000.0,24.0,0.62,376.0
291.0,51.534818,-0.124807,2.47,20524.0,14450100.0,25.0,0.62,379.0
292.0,51.53483,-0.124812,2.47,20524.0,14450200.0,24.0,0.62,380.0
293.0,51.534842,-0.124808,2.47,20524.0,14450300.0,24.0,0.62,379.0
294.0,51.53484,-0.12481,1.15,20524.0,14450400.0,25.0,0.62,381.0
295.0,51.53484,-0.124815,0.92,20524.0,14450500.0,24.0,0.62,382.0
296.0,51.534842,-0.124818,0.0,20524.0,14450600.0,22.0,0.62,384.0
297.0,51.534852,-0.124822,0.0,20524.0,14450700.0,23.0,0.62,385.0
298.0,51.534858,-0.124827,1.47,20524.0,14450800.0,25.0,0.62,384.0
299.0,51.534865,-0.124833,1.51,20524.0,14450900.0,25.0,0.62,384.0
300.0,51.534872,-0.124843,1.5,20524.0,14451000.0,24.0,0.62,384.0
301.0,51.53488,-0.124858,1.5,20524.0,14451200.0,24.0,0.62,385.0
302.0,51.534882,-0.124867,1.5,20524.0,14451300.0,24.0,0.62,387.0
303.0,51.534887,-0.124867,1.51,20524.0,14451400.0,24.0,0.62,389.0
304.0,51.534893,-0.124863,1.47,20524.0,14451500.0,24.0,0.62,384.0
305.0,51.534902,-0.12486,1.45,20524.0,14451600.0,24.0,0.62,388.0
306.0,51.534912,-0.124853,1.76,20524.0,14451700.0,24.0,0.62,387.0
307.0,51.534922,-0.124847,1.94,20524.0,14451800.0,24.0,0.62,386.0
308.0,51.534933,-0.124835,2.15,20524.0,14451900.0,25.0,0.62,385.0
309.0,51.534942,-0.124823,2.22,20524.0,14452000.0,24.0,0.62,386.0
310.0,51.534948,-0.124815,2.24,20524.0,14452100.0,24.0,0.62,387.0
311.0,51.534955,-0.124807,2.23,20524.0,14452200.0,24.0,0.62,399.0
312.0,51.53496,-0.124795,2.17,20524.0,14452300.0,25.0,0.62,394.0
313.0,51.534967,-0.124768,1.85,20524.0,14452500.0,25.0,0.62,388.0
314.0,51.534977,-0.124757,1.85,20524.0,14452600.0,24.0,0.62,386.0
315.0,51.534983,-0.124745,1.85,20524.0,14452700.0,24.0,0.62,375.0
316.0,51.534987,-0.124733,1.85,20524.0,14452800.0,24.0,0.62,370.0
317.0,51.534992,-0.124718,2.03,20524.0,14452900.0,23.0,0.62,373.0
318.0,51.534997,-0.124702,2.29,20524.0,14453000.0,23.0,0.62,376.0
319.0,51.535002,-0.124685,2.32,20524.0,14453100.0,23.0,0.62,374.0
320.0,51.535002,-0.12467,2.42,20524.0,14453200.0,23.0,0.62,375.0
321.0,51.535005,-0.124652,2.23,20524.0,14453300.0,24.0,0.62,459.0
322.0,51.535008,-0.124635,2.21,20524.0,14453400.0,29.0,0.62,395.0
323.0,51.535007,-0.124592,1.96,20524.0,14453600.0,25.0,0.62,380.0
324.0,51.53501,-0.124577,1.96,20524.0,14453700.0,25.0,0.62,382.0
325.0,51.535013,-0.124565,1.75,20524.0,14453800.0,25.0,0.62,382.0
326.0,51.535017,-0.124555,1.75,20524.0,14453900.0,22.0,0.62,383.0
327.0,51.535022,-0.124542,1.82,20524.0,14454000.0,24.0,0.62,385.0
328.0,51.535027,-0.12453,1.82,20524.0,14454100.0,24.0,0.62,386.0
329.0,51.535027,-0.12452,2.0,20524.0,14454200.0,24.0,0.62,385.0
330.0,51.53503,-0.124505,1.97,20524.0,14454300.0,24.0,0.62,382.0
331.0,51.535033,-0.12449,2.15,20524.0,14454400.0,23.0,0.62,382.0
332.0,51.535038,-0.124478,2.2,20524.0,14454500.0,24.0,0.62,385.0
333.0,51.535043,-0.124463,2.2,20524.0,14454600.0,24.0,0.62,387.0
334.0,51.535045,-0.124452,1.94,20524.0,14454700.0,24.0,0.62,387.0
335.0,51.535052,-0.124425,1.94,20524.0,14454900.0,24.0,0.62,387.0
336.0,51.535053,-0.124413,1.94,20524.0,14455000.0,24.0,0.62,396.0
337.0,51.53506,-0.124398,1.94,20524.0,14455100.0,25.0,0.62,391.0
338.0,51.535062,-0.12439,1.94,20524.0,14455200.0,24.0,0.62,381.0
339.0,51.535065,-0.124378,1.94,20524.0,14455300.0,23.0,0.62,383.0
340.0,51.53507,-0.124367,1.91,20524.0,14455400.0,25.0,0.62,387.0
341.0,51.53508,-0.12435,1.93,20524.0,14455500.0,24.0,0.62,388.0
342.0,51.535078,-0.124337,1.99,20524.0,14455600.0,24.0,0.62,388.0
343.0,51.53508,-0.124322,1.96,20524.0,14455700.0,25.0,0.62,388.0
344.0,51.535065,-0.124297,1.89,20524.0,14455800.0,25.0,0.62,387.0
345.0,51.535068,-0.124278,1.96,20524.0,14455900.0,24.0,0.62,383.0
346.0,51.53506,-0.12424,1.96,20524.0,14460100.0,24.0,0.62,381.0
347.0,51.535057,-0.124222,1.96,20524.0,14460200.0,24.0,0.62,381.0
348.0,51.53506,-0.124202,1.98,20524.0,14460300.0,24.0,0.62,380.0
349.0,51.535062,-0.124188,1.97,20524.0,14460400.0,24.0,0.62,386.0
350.0,51.535052,-0.12416,1.97,20524.0,14460500.0,24.0,0.62,387.0
351.0,51.535055,-0.124142,2.0,20524.0,14460600.0,24.0,0.62,383.0
352.0,51.53505,-0.124123,2.2,20524.0,14460700.0,24.0,0.62,382.0
353.0,51.535048,-0.124107,2.19,20524.0,14460800.0,24.0,0.62,385.0
354.0,51.535047,-0.124088,2.16,20524.0,14460900.0,24.0,0.62,386.0
355.0,51.53504,-0.124072,2.09,20524.0,14461000.0,24.0,0.62,387.0
356.0,51.535035,-0.124053,1.86,20524.0,14461100.0,24.0,0.62,365.0
357.0,51.535033,-0.124042,1.8,20524.0,14461200.0,23.0,0.62,352.0
358.0,51.535032,-0.124005,2.14,20524.0,14461400.0,23.0,0.62,349.0
359.0,51.535042,-0.123987,1.81,20524.0,14461500.0,23.0,0.62,355.0
360.0,51.53504,-0.123973,2.0,20524.0,14461600.0,23.0,0.62,363.0
361.0,51.535038,-0.123955,2.0,20524.0,14461700.0,23.0,0.62,367.0
362.0,51.535042,-0.123932,1.98,20524.0,14461800.0,23.0,0.62,371.0
363.0,51.535045,-0.123915,2.0,20524.0,14461900.0,24.0,0.62,381.0
364.0,51.53504,-0.123902,2.01,20524.0,14462000.0,25.0,0.62,375.0
365.0,51.535045,-0.123888,1.75,20524.0,14462100.0,24.0,0.62,352.0
366.0,51.53505,-0.123872,1.7,20524.0,14462200.0,23.0,0.62,354.0
367.0,51.53505,-0.123855,1.74,20524.0,14462300.0,23.0,0.62,378.0
368.0,51.535053,-0.12384,1.83,20524.0,14462400.0,24.0,0.62,374.0
369.0,51.535048,-0.123817,1.6,20524.0,14462600.0,23.0,0.62,355.0
370.0,51.535055,-0.123805,1.8,20524.0,14462700.0,22.0,0.62,346.0
371.0,51.535062,-0.123793,1.8,20524.0,14462800.0,22.0,0.62,348.0
372.0,51.535068,-0.123762,1.8,20524.0,14463000.0,23.0,0.62,353.0
373.0,51.53506,-0.123735,1.61,20524.0,14463100.0,23.0,0.62,346.0
374.0,51.535057,-0.123713,1.61,20524.0,14463200.0,22.0,0.62,352.0
375.0,51.535057,-0.123695,1.71,20524.0,14463300.0,23.0,0.62,350.0
376.0,51.535057,-0.12368,1.81,20524.0,14463400.0,23.0,0.62,343.0
377.0,51.535052,-0.123655,2.05,20524.0,14463500.0,23.0,0.62,348.0
378.0,51.535053,-0.123633,2.08,20524.0,14463600.0,23.0,0.62,355.0
379.0,51.535055,-0.123612,2.27,20524.0,14463700.0,23.0,0.62,361.0
380.0,51.535038,-0.123575,2.23,20524.0,14463800.0,23.0,0.62,360.0
381.0,51.535032,-0.123557,2.21,20524.0,14463900.0,23.0,0.62,343.0
382.0,51.535037,-0.123537,2.23,20524.0,14464000.0,23.0,0.62,342.0
383.0,51.535045,-0.123518,2.3,20524.0,14464100.0,22.0,0.62,344.0
384.0,51.535052,-0.12351,2.59,20524.0,14464200.0,22.0,0.62,343.0
385.0,51.53505,-0.123497,2.12,20524.0,14464300.0,22.0,0.62,348.0
386.0,51.53506,-0.123477,2.35,20524.0,14464500.0,23.0,0.62,354.0
387.0,51.535065,-0.123468,2.08,20524.0,14464600.0,23.0,0.62,358.0
388.0,51.53507,-0.123462,2.08,20524.0,14464700.0,23.0,0.62,360.0
389.0,51.535077,-0.123458,2.05,20524.0,14464800.0,23.0,0.62,364.0
390.0,51.535078,-0.123445,2.05,20524.0,14464900.0,23.0,0.62,365.0
391.0,51.535077,-0.123438,2.15,20524.0,14465000.0,23.0,0.62,367.0
392.0,51.535085,-0.12343,2.17,20524.0,14465100.0,23.0,0.62,367.0
393.0,51.53509,-0.12342,2.2,20524.0,14465200.0,23.0,0.62,367.0
394.0,51.535093,-0.12341,2.24,20524.0,14465300.0,23.0,0.62,368.0
395.0,51.535095,-0.123397,1.86,20524.0,14465400.0,24.0,0.62,367.0
396.0,51.535095,-0.123397,1.83,20524.0,14465400.0,23.0,0.62,375.0
397.0,51.535102,-0.123372,2.73,20524.0,14465600.0,24.0,0.62,369.0
398.0,51.5351,-0.123365,2.73,20524.0,14465700.0,24.0,0.62,369.0
399.0,51.535098,-0.123357,1.97,20524.0,14465800.0,23.0,0.62,369.0
400.0,51.535098,-0.123348,1.97,20524.0,14465900.0,24.0,0.62,367.0
401.0,51.535098,-0.123348,1.96,20524.0,14465900.0,24.0,0.62,369.0
402.0,51.535098,-0.123335,1.22,20524.0,14470100.0,24.0,0.62,370.0
403.0,51.535102,-0.123323,1.22,20524.0,14470200.0,24.0,0.62,373.0
404.0,51.535105,-0.12331,1.22,20524.0,14470300.0,24.0,1.16,373.0
405.0,51.535108,-0.123293,2.28,20524.0,14470400.0,24.0,1.16,374.0
406.0,51.535107,-0.123283,2.28,20524.0,14470500.0,23.0,1.16,367.0
407.0,51.535107,-0.12327,2.04,20524.0,14470600.0,23.0,1.16,361.0
408.0,51.535107,-0.123255,2.03,20524.0,14470700.0,23.0,1.16,363.0
409.0,51.535107,-0.123235,2.11,20524.0,14470800.0,24.0,1.16,367.0
410.0,51.535105,-0.123217,2.58,20524.0,14470900.0,24.0,1.16,369.0
411.0,51.535103,-0.123187,3.31,20524.0,14471000.0,24.0,1.16,370.0
412.0,51.535105,-0.123172,3.35,20524.0,14471100.0,24.0,1.16,374.0
413.0,51.535108,-0.123158,1.92,20524.0,14471200.0,24.0,1.16,374.0
414.0,51.53511,-0.123133,2.74,20524.0,14471400.0,24.0,1.16,371.0
415.0,51.53511,-0.123118,2.31,20524.0,14471500.0,24.0,1.16,375.0
416.0,51.535108,-0.123105,2.07,20524.0,14471600.0,24.0,1.16,370.0
417.0,51.535108,-0.123092,1.89,20524.0,14471700.0,24.0,1.16,363.0
418.0,51.535108,-0.12308,2.61,20524.0,14471800.0,24.0,1.16,364.0
419.0,51.535108,-0.123067,1.66,20524.0,14471900.0,23.0,1.16,368.0
420.0,51.535107,-0.123058,1.97,20524.0,14472000.0,24.0,1.16,372.0
421.0,51.535108,-0.123045,1.62,20524.0,14472100.0,24.0,1.16,374.0
422.0,51.535108,-0.123033,1.62,20524.0,14472200.0,24.0,1.16,371.0
423.0,51.535108,-0.123028,1.83,20524.0,14472300.0,24.0,1.16,365.0
424.0,51.53511,-0.12302,1.25,20524.0,14472400.0,23.0,1.16,366.0
425.0,51.535115,-0.122988,1.25,20524.0,14472600.0,24.0,1.16,369.0
426.0,51.535117,-0.122978,1.25,20524.0,14472700.0,23.0,1.16,371.0
427.0,51.535118,-0.122965,1.57,20524.0,14472800.0,24.0,1.16,372.0
428.0,51.53512,-0.122953,1.57,20524.0,14472900.0,24.0,1.16,378.0
429.0,51.535123,-0.12294,1.57,20524.0,14473000.0,25.0,1.16,380.0
430.0,51.535123,-0.122923,1.53,20524.0,14473100.0,25.0,1.16,378.0
431.0,51.53512,-0.122912,1.8,20524.0,14473200.0,24.0,1.16,379.0
432.0,51.535117,-0.122897,1.84,20524.0,14473300.0,25.0,0.62,378.0
433.0,51.535115,-0.122882,1.92,20524.0,14473400.0,25.0,0.62,372.0
434.0,51.535113,-0.122867,2.0,20524.0,14473500.0,24.0,0.62,371.0
435.0,51.535108,-0.122855,2.08,20524.0,14473600.0,23.0,0.62,371.0
436.0,51.535078,-0.122873,1.85,20524.0,14473800.0,24.0,0.62,373.0
437.0,51.535077,-0.122865,1.16,20524.0,14473900.0,25.0,0.62,376.0
438.0,51.535078,-0.122858,1.16,20524.0,14474000.0,24.0,0.62,377.0
439.0,51.535075,-0.122853,0.0,20524.0,14474100.0,24.0,0.62,377.0
440.0,51.535078,-0.122837,0.0,20524.0,14474200.0,21.0,0.62,374.0
441.0,51.535083,-0.122807,0.98,20524.0,14474300.0,24.0,0.62,375.0
442.0,51.535082,-0.122787,1.76,20524.0,14474400.0,24.0,0.62,377.0
443.0,51.535082,-0.12277,1.78,20524.0,14474500.0,22.0,0.62,378.0
444.0,51.535085,-0.122757,1.75,20524.0,14474600.0,24.0,0.62,381.0
445.0,51.535087,-0.122747,1.36,20524.0,14474700.0,25.0,0.62,380.0
446.0,51.535088,-0.122742,0.91,20524.0,14474800.0,24.0,0.62,381.0
447.0,51.535098,-0.122737,0.0,20524.0,14474900.0,25.0,0.62,381.0
448.0,51.5351,-0.122735,0.0,20524.0,14475000.0,24.0,0.62,382.0
449.0,51.5351,-0.122735,0.0,20524.0,14475000.0,24.0,0.62,383.0
450.0,51.5351,-0.122735,0.0,20524.0,14475200.0,22.0,0.62,384.0
451.0,51.5351,-0.122735,0.0,20524.0,14475200.0,25.0,0.62,384.0
452.0,51.5351,-0.122735,0.0,20524.0,14475400.0,24.0,0.62,378.0
453.0,51.5351,-0.122735,0.0,20524.0,14475500.0,24.0,0.62,374.0
454.0,51.5351,-0.122735,0.0,20524.0,14475600.0,24.0,0.62,374.0
455.0,51.5351,-0.122735,0.0,20524.0,14475700.0,24.0,0.62,373.0
456.0,51.5351,-0.122735,0.0,20524.0,14475800.0,24.0,0.62,365.0
457.0,51.5351,-0.122735,0.0,20524.0,14475900.0,23.0,0.62,357.0
458.0,51.535132,-0.122693,0.0,20524.0,14480000.0,23.0,0.62,358.0
459.0,51.535132,-0.122693,1.58,20524.0,14480000.0,23.0,0.62,358.0
460.0,51.535142,-0.122682,1.58,20524.0,14480100.0,23.0,0.62,359.0
461.0,51.535145,-0.122622,1.58,20524.0,14480200.0,23.0,0.62,363.0
462.0,51.535145,-0.122622,2.12,20524.0,14480200.0,23.0,0.62,362.0
463.0,51.535172,-0.12259,2.12,20524.0,14480400.0,23.0,0.62,364.0
464.0,51.535182,-0.122583,2.12,20524.0,14480500.0,23.0,1.79,358.0
465.0,51.535192,-0.12257,2.12,20524.0,14480600.0,21.0,1.79,349.0
466.0,51.535185,-0.122543,2.12,20524.0,14480700.0,23.0,1.79,369.0
467.0,51.535158,-0.122527,2.12,20524.0,14480800.0,24.0,1.79,359.0
468.0,51.535158,-0.122517,2.26,20524.0,14480900.0,23.0,1.79,358.0
469.0,51.53516,-0.122512,2.26,20524.0,14481000.0,23.0,1.79,361.0
470.0,51.535162,-0.122508,2.26,20524.0,14481100.0,23.0,1.79,368.0
471.0,51.535165,-0.122502,2.14,20524.0,14481200.0,24.0,1.79,363.0
472.0,51.535173,-0.122498,2.16,20524.0,14481300.0,23.0,1.79,359.0
473.0,51.535182,-0.122502,2.19,20524.0,14481400.0,23.0,1.79,362.0
474.0,51.535188,-0.122502,2.16,20524.0,14481500.0,23.0,1.79,365.0
475.0,51.5352,-0.1225,2.15,20524.0,14481600.0,23.0,1.79,367.0
476.0,51.53521,-0.122497,2.15,20524.0,14481700.0,24.0,1.79,369.0
477.0,51.53522,-0.122495,2.11,20524.0,14481800.0,19.0,1.79,369.0
478.0,51.535238,-0.122485,2.11,20524.0,14482000.0,24.0,1.79,368.0
479.0,51.535247,-0.122482,2.11,20524.0,14482100.0,24.0,1.79,369.0
480.0,51.535257,-0.122472,2.11,20524.0,14482200.0,23.0,1.79,371.0
481.0,51.535272,-0.122462,2.11,20524.0,14482300.0,24.0,1.79,371.0
482.0,51.535282,-0.122448,1.84,20524.0,14482400.0,24.0,1.79,365.0
483.0,51.535292,-0.122443,1.46,20524.0,14482500.0,23.0,1.79,362.0
484.0,51.535305,-0.122445,1.39,20524.0,14482600.0,23.0,1.79,363.0
485.0,51.535317,-0.122443,1.65,20524.0,14482700.0,23.0,1.79,366.0
486.0,51.535328,-0.122437,1.7,20524.0,14482800.0,25.0,1.79,369.0
487.0,51.535338,-0.122437,1.8,20524.0,14482900.0,24.0,1.79,370.0
488.0,51.535352,-0.122437,1.81,20524.0,14483000.0,24.0,1.79,368.0
489.0,51.535377,-0.12244,1.88,20524.0,14483200.0,24.0,1.79,366.0
490.0,51.535387,-0.12244,1.88,20524.0,14483300.0,24.0,1.79,365.0
491.0,51.535398,-0.12244,1.88,20524.0,14483400.0,23.0,0.63,363.0
492.0,51.535403,-0.122437,1.77,20524.0,14483500.0,23.0,0.63,364.0
493.0,51.535415,-0.122437,1.77,20524.0,14483600.0,24.0,0.63,366.0
494.0,51.535425,-0.122435,1.94,20524.0,14483700.0,24.0,0.63,369.0
495.0,51.535438,-0.122435,1.99,20524.0,14483800.0,23.0,0.63,370.0
496.0,51.535445,-0.122438,2.08,20524.0,14483900.0,24.0,0.63,371.0
497.0,51.53546,-0.122448,2.09,20524.0,14484000.0,24.0,0.63,370.0
498.0,51.535462,-0.122455,2.12,20524.0,14484100.0,24.0,0.63,371.0
499.0,51.53547,-0.12246,1.51,20524.0,14484200.0,24.0,0.63,372.0
500.0,51.535478,-0.122462,1.46,20524.0,14484300.0,24.0,0.63,373.0
501.0,51.535488,-0.122465,1.43,20524.0,14484500.0,23.0,0.63,372.0
502.0,51.535493,-0.122468,1.43,20524.0,14484600.0,24.0,0.63,371.0
503.0,51.535502,-0.12247,1.43,20524.0,14484700.0,25.0,0.63,370.0
504.0,51.535507,-0.122475,1.69,20524.0,14484800.0,24.0,0.63,370.0
505.0,51.535513,-0.122477,1.65,20524.0,14484900.0,24.0,0.63,370.0
506.0,51.535518,-0.122478,1.59,20524.0,14485000.0,23.0,0.63,371.0
507.0,51.535527,-0.12248,1.58,20524.0,14485100.0,24.0,0.63,372.0
508.0,51.535537,-0.12248,1.61,20524.0,14485200.0,22.0,0.63,373.0
509.0,51.535547,-0.122478,1.66,20524.0,14485300.0,24.0,0.63,375.0
510.0,51.535553,-0.122478,1.89,20524.0,14485400.0,24.0,0.63,375.0
511.0,51.535562,-0.122477,1.91,20524.0,14485500.0,24.0,0.63,375.0
512.0,51.535575,-0.122475,1.83,20524.0,14485700.0,24.0,0.63,375.0
513.0,51.535582,-0.122473,1.76,20524.0,14485800.0,23.0,0.63,374.0
514.0,51.535598,-0.122475,1.76,20524.0,14485900.0,24.0,0.63,375.0
515.0,51.535608,-0.122478,2.44,20524.0,14490000.0,24.0,0.63,375.0
516.0,51.535627,-0.12248,2.39,20524.0,14490100.0,24.0,0.63,376.0
517.0,51.535638,-0.122482,2.41,20524.0,14490200.0,24.0,0.63,366.0
518.0,51.53565,-0.122482,2.42,20524.0,14490300.0,23.0,0.63,351.0
519.0,51.535665,-0.122483,2.36,20524.0,14490400.0,23.0,0.62,354.0
520.0,51.535688,-0.122485,2.28,20524.0,14490500.0,23.0,0.62,361.0
521.0,51.535708,-0.122485,2.29,20524.0,14490600.0,23.0,0.62,373.0
522.0,51.535725,-0.122482,2.57,20524.0,14490700.0,24.0,0.62,349.0
523.0,51.535743,-0.12249,2.36,20524.0,14490900.0,23.0,0.62,350.0
524.0,51.535747,-0.122493,2.09,20524.0,14491000.0,23.0,0.62,358.0
525.0,51.535747,-0.122503,2.01,20524.0,14491100.0,23.0,0.62,362.0
526.0,51.53575,-0.122513,2.01,20524.0,14491200.0,23.0,0.62,358.0
527.0,51.535753,-0.122525,1.98,20524.0,14491300.0,23.0,0.62,359.0
528.0,51.53576,-0.122533,1.99,20524.0,14491400.0,23.0,0.62,363.0
529.0,51.535763,-0.122547,1.93,20524.0,14491500.0,23.0,0.62,365.0
530.0,51.53577,-0.122557,1.92,20524.0,14491600.0,24.0,0.62,367.0
531.0,51.535772,-0.122568,1.92,20524.0,14491700.0,24.0,0.62,368.0
532.0,51.535778,-0.12258,1.66,20524.0,14491800.0,24.0,0.62,360.0
533.0,51.535782,-0.122587,1.68,20524.0,14491900.0,23.0,0.62,351.0
534.0,51.535787,-0.122593,1.44,20524.0,14492000.0,22.0,0.62,351.0
535.0,51.535793,-0.122615,1.93,20524.0,14492200.0,23.0,0.62,351.0
536.0,51.535798,-0.122622,1.93,20524.0,14492300.0,22.0,0.62,345.0
537.0,51.535802,-0.122633,2.15,20524.0,14492400.0,23.0,0.62,350.0
538.0,51.535803,-0.122645,2.15,20524.0,14492500.0,23.0,0.62,355.0
539.0,51.535807,-0.122653,2.12,20524.0,14492600.0,22.0,0.62,355.0
540.0,51.53581,-0.122663,1.61,20524.0,14492700.0,23.0,0.62,357.0
541.0,51.535812,-0.122675,1.84,20524.0,14492800.0,23.0,0.62,360.0
542.0,51.535818,-0.122678,1.81,20524.0,14492900.0,23.0,0.62,363.0
543.0,51.53583,-0.122675,1.35,20524.0,14493000.0,23.0,0.62,366.0
544.0,51.535835,-0.122683,1.77,20524.0,14493100.0,24.0,0.62,368.0
545.0,51.53584,-0.122688,1.37,20524.0,14493200.0,23.0,0.62,358.0
546.0,51.535847,-0.122717,1.37,20524.0,14493400.0,23.0,0.62,362.0
547.0,51.53585,-0.12273,1.37,20524.0,14493500.0,22.0,0.62,357.0
548.0,51.535853,-0.122747,2.26,20524.0,14493600.0,22.0,0.62,359.0
549.0,51.53586,-0.122765,2.26,20524.0,14493700.0,23.0,0.62,363.0
550.0,51.535877,-0.122775,2.39,20524.0,14493800.0,23.0,0.62,364.0
551.0,51.535873,-0.122798,2.43,20524.0,14493900.0,23.0,0.62,373.0
552.0,51.535878,-0.122812,2.62,20524.0,14494000.0,24.0,0.62,367.0
553.0,51.535878,-0.122822,2.23,20524.0,14494100.0,23.0,0.62,369.0
554.0,51.535887,-0.122828,1.67,20524.0,14494200.0,24.0,0.62,371.0
555.0,51.535885,-0.122848,2.16,20524.0,14494300.0,24.0,0.62,373.0
556.0,51.535873,-0.122885,1.46,20524.0,14494400.0,23.0,0.62,373.0
557.0,51.535875,-0.122943,2.23,20524.0,14494600.0,24.0,0.62,374.0
558.0,51.535867,-0.122965,2.23,20524.0,14494700.0,24.0,0.62,373.0
559.0,51.535863,-0.122987,2.23,20524.0,14494800.0,24.0,0.62,370.0
560.0,51.535865,-0.123002,2.23,20524.0,14494900.0,24.0,0.62,372.0
561.0,51.53587,-0.123012,2.23,20524.0,14495000.0,23.0,0.62,375.0
562.0,51.53587,-0.12302,2.0,20524.0,14495100.0,23.0,0.62,372.0
563.0,51.535865,-0.123027,1.33,20524.0,14495200.0,24.0,0.62,371.0
564.0,51.535863,-0.123033,0.0,20524.0,14495300.0,24.0,0.62,371.0
565.0,51.535865,-0.123033,0.0,20524.0,14495400.0,23.0,0.62,385.0
566.0,51.535865,-0.123033,0.0,20524.0,14495500.0,24.0,0.62,373.0
567.0,51.535865,-0.123033,0.0,20524.0,14495600.0,24.0,0.62,373.0
568.0,51.535865,-0.123033,0.0,20524.0,14495700.0,24.0,0.62,370.0
569.0,51.535865,-0.123033,0.0,20524.0,14495900.0,24.0,0.62,394.0
570.0,51.535865,-0.123033,0.0,20524.0,14500000.0,25.0,0.62,373.0
571.0,51.535865,-0.123033,0.0,20524.0,14500000.0,23.0,0.62,360.0
572.0,51.535865,-0.123033,0.0,20524.0,14500200.0,23.0,0.62,361.0
