index 	 lat 	 long 	 speed 	 date 	 time 	 air_val 	 dust 	 gsr
0	51.531888	-0.125338	0.00	20524	14393000	14	0.00	411
1	51.531888	-0.125338	0.00	20524	14394900	26	0.00	412
2	51.531888	-0.125338	0.00	20524	14395000	27	0.00	414
3	51.531888	-0.125338	0.00	20524	14395100	26	0.00	415
4	51.531888	-0.125338	0.00	20524	14395200	26	0.00	416
5	51.531888	-0.125338	0.00	20524	14395300	26	0.00	416
6	51.531888	-0.125338	0.00	20524	14395400	25	0.00	417
7	51.531888	-0.125338	0.00	20524	14395500	26	0.00	417
8	51.531888	-0.125338	0.00	20524	14395600	27	0.00	417
9	51.531888	-0.125338	0.00	20524	14395700	27	0.00	418
10	51.531888	-0.125338	0.00	20524	14395800	26	1.87	417
11	51.531888	-0.125338	0.00	20524	14395900	27	1.87	401
12	51.531888	-0.125338	0.00	20524	14400000	26	1.87	398
13	51.532042	-0.125222	0.00	20524	14400100	25	1.87	401
14	51.532040	-0.125225	0.00	20524	14400200	25	1.87	404
15	51.532038	-0.125228	1.32	20524	14400300	26	1.87	406
16	51.532040	-0.125223	0.00	20524	14400400	26	1.87	406
17	51.532048	-0.125218	0.00	20524	14400500	26	1.87	409
18	51.532055	-0.125212	0.00	20524	14400600	26	1.87	408
19	51.532055	-0.125212	0.00	20524	14400700	26	1.87	406
20	51.532097	-0.125188	2.07	20524	14400800	26	1.87	405
21	51.532113	-0.125180	2.43	20524	14400900	26	1.87	402
22	51.532128	-0.125167	2.66	20524	14401000	25	1.87	399
23	51.532180	-0.125133	2.66	20524	14401200	25	1.87	396
24	51.532198	-0.125123	2.32	20524	14401300	25	1.87	398
25	51.532217	-0.125112	2.32	20524	14401400	25	1.87	402
26	51.532228	-0.125098	1.94	20524	14401500	26	1.87	405
27	51.532240	-0.125088	1.75	20524	14401600	25	1.87	404
28	51.532260	-0.125083	2.00	20524	14401700	26	1.87	400
29	51.532282	-0.125075	2.54	20524	14401800	26	1.87	403
30	51.532293	-0.125068	2.53	20524	14401900	26	1.87	403
31	51.532305	-0.125060	2.50	20524	14402000	26	1.87	405
32	51.532317	-0.125052	2.54	20524	14402100	25	1.87	405
33	51.532323	-0.125035	2.59	20524	14402200	26	1.87	402
34	51.532342	-0.125013	2.80	20524	14402400	25	1.87	404
35	51.532348	-0.125003	2.77	20524	14402500	26	1.87	405
36	51.532353	-0.125010	2.72	20524	14402600	26	1.87	406
37	51.532352	-0.125010	2.72	20524	14402700	25	0.62	407
38	51.532355	-0.125010	0.00	20524	14402800	26	0.62	409
39	51.532365	-0.125010	0.00	20524	14402900	26	0.62	408
40	51.532375	-0.125007	0.00	20524	14403000	25	0.62	402
41	51.532383	-0.125002	1.02	20524	14403100	26	0.62	402
42	51.532395	-0.125002	1.27	20524	14403200	25	0.62	410
43	51.532408	-0.124995	1.73	20524	14403300	26	0.62	412
44	51.532427	-0.124985	2.19	20524	14403400	26	0.62	413
45	51.532443	-0.124985	2.44	20524	14403500	26	0.62	411
46	51.532485	-0.124953	2.89	20524	14403700	26	0.62	408
47	51.532497	-0.124943	2.89	20524	14403800	26	0.62	407
48	51.532508	-0.124940	2.89	20524	14403900	26	0.62	408
49	51.532523	-0.124960	2.67	20524	14404000	25	0.62	407
50	51.532540	-0.124962	2.69	20524	14404100	26	0.62	407
51	51.532592	-0.124997	2.78	20524	14404200	25	0.62	407
52	51.532608	-0.125010	2.76	20524	14404300	26	0.62	403
53	51.532620	-0.125013	2.69	20524	14404400	25	0.62	405
54	51.532630	-0.125008	2.62	20524	14404500	25	0.62	408
55	51.532645	-0.125005	2.64	20524	14404600	25	0.62	408
56	51.532658	-0.124998	2.62	20524	14404700	25	0.62	404
57	51.532678	-0.124992	2.66	20524	14404900	26	0.62	400
58	51.532687	-0.124987	2.64	20524	14405000	25	0.62	399
59	51.532695	-0.124977	2.64	20524	14405100	25	0.62	400
60	51.532710	-0.124968	2.64	20524	14405200	25	0.62	405
61	51.532722	-0.124968	2.41	20524	14405300	25	0.62	407
62	51.532733	-0.124968	2.38	20524	14405400	25	0.62	408
63	51.532737	-0.124967	2.38	20524	14405500	26	0.62	408
64	51.532750	-0.124960	2.07	20524	14405600	26	0.62	408
65	51.532755	-0.124957	1.86	20524	14405700	25	0.62	409
66	51.532758	-0.124952	1.82	20524	14405800	26	0.62	412
67	51.532760	-0.124957	1.83	20524	14405900	26	0.62	411
68	51.532767	-0.124953	1.81	20524	14410000	26	0.62	409
69	51.532773	-0.124948	1.80	20524	14410100	26	0.62	409
70	51.532778	-0.124945	1.78	20524	14410200	26	0.62	410
71	51.532783	-0.124948	1.78	20524	14410300	26	0.62	410
72	51.532790	-0.124955	1.78	20524	14410500	26	0.62	410
73	51.532790	-0.124962	1.82	20524	14410600	26	0.62	412
74	51.532792	-0.124962	1.60	20524	14410700	26	0.62	413
75	51.532777	-0.124975	1.27	20524	14410800	26	0.62	411
76	51.532773	-0.124973	1.24	20524	14410900	26	0.62	407
77	51.532753	-0.124993	1.22	20524	14411000	26	0.62	408
78	51.532757	-0.124992	1.46	20524	14411100	26	0.62	408
79	51.532765	-0.124987	1.54	20524	14411200	26	0.62	411
80	51.532767	-0.124982	1.55	20524	14411300	26	0.62	412
81	51.532765	-0.124980	1.51	20524	14411400	25	0.62	412
82	51.532767	-0.124973	1.44	20524	14411500	26	0.62	407
83	51.532777	-0.124967	1.42	20524	14411700	25	0.62	407
84	51.532777	-0.124965	1.42	20524	14411800	26	0.62	409
85	51.532782	-0.124957	1.35	20524	14411900	25	0.62	410
86	51.532792	-0.124955	1.36	20524	14412000	26	0.62	411
87	51.532742	-0.124950	1.29	20524	14412100	26	0.62	412
88	51.532692	-0.124947	1.22	20524	14412200	26	0.62	413
89	51.532680	-0.124957	1.14	20524	14412300	26	0.62	414
90	51.532670	-0.124958	1.07	20524	14412400	26	0.62	415
91	51.532652	-0.124963	1.10	20524	14412500	26	0.62	411
92	51.532642	-0.124970	1.17	20524	14412600	26	0.62	408
93	51.532643	-0.124972	1.17	20524	14412700	26	0.62	408
94	51.532635	-0.124968	1.21	20524	14412800	26	0.62	411
95	51.532618	-0.124980	1.21	20524	14413000	25	0.62	412
96	51.532623	-0.124975	1.16	20524	14413100	26	0.62	413
97	51.532618	-0.124985	1.13	20524	14413200	27	0.62	414
98	51.532623	-0.124987	0.00	20524	14413300	26	0.62	412
99	51.532640	-0.124972	0.00	20524	14413400	26	0.62	410
100	51.532645	-0.124972	1.39	20524	14413500	25	0.62	411
101	51.532650	-0.124968	1.42	20524	14413600	26	0.62	411
102	51.532660	-0.124960	1.48	20524	14413700	26	0.62	412
103	51.532663	-0.124960	1.45	20524	14413800	26	0.62	413
104	51.532668	-0.124952	1.40	20524	14413900	26	0.62	416
105	51.532662	-0.124938	1.44	20524	14414000	26	0.62	415
106	51.532685	-0.124902	1.44	20524	14414200	26	0.62	415
107	51.532687	-0.124895	1.44	20524	14414300	25	0.62	412
108	51.532688	-0.124895	1.44	20524	14414400	26	0.62	412
109	51.532682	-0.124893	1.44	20524	14414500	27	0.62	413
110	51.532678	-0.124893	1.60	20524	14414600	26	0.62	410
111	51.532672	-0.124898	1.40	20524	14414700	26	0.62	399
112	51.532667	-0.124900	1.19	20524	14414800	25	0.62	401
113	51.532672	-0.124900	1.21	20524	14414900	25	0.62	401
114	51.532673	-0.124902	1.16	20524	14415000	25	0.62	401
115	51.532682	-0.124903	1.21	20524	14415100	25	0.62	401
116	51.532682	-0.124915	1.21	20524	14415200	25	0.62	401
117	51.532685	-0.124915	1.20	20524	14415300	25	0.62	400
118	51.532697	-0.124923	1.20	20524	14415500	25	0.62	402
119	51.532695	-0.124948	1.20	20524	14415600	25	0.62	401
120	51.532695	-0.124962	1.20	20524	14415700	25	0.62	402
121	51.532695	-0.124962	1.22	20524	14415700	25	0.62	403
122	51.532710	-0.124975	1.22	20524	14415800	25	0.98	404
123	51.532715	-0.124987	1.45	20524	14415900	25	0.98	405
124	51.532712	-0.125020	1.45	20524	14420000	25	0.98	407
125	51.532715	-0.125045	1.55	20524	14420100	25	0.98	406
126	51.532715	-0.125070	1.62	20524	14420200	26	0.98	406
127	51.532705	-0.125117	1.57	20524	14420300	27	0.98	407
128	51.532702	-0.125162	1.60	20524	14420400	26	0.98	407
129	51.532700	-0.125183	1.59	20524	14420500	26	0.98	406
130	51.532707	-0.125185	1.55	20524	14420600	26	0.98	405
131	51.532713	-0.125192	1.55	20524	14420700	25	0.98	405
132	51.532723	-0.125192	1.58	20524	14420800	26	0.98	405
133	51.532708	-0.125215	1.33	20524	14420900	26	0.98	407
134	51.532708	-0.125228	1.38	20524	14421000	26	0.98	408
135	51.532698	-0.125230	1.20	20524	14421100	26	0.98	409
136	51.532687	-0.125240	0.93	20524	14421200	26	0.98	411
137	51.532688	-0.125240	0.91	20524	14421300	26	0.98	412
138	51.532693	-0.125235	0.93	20524	14421400	26	0.98	417
139	51.532695	-0.125230	0.93	20524	14421500	26	0.98	415
140	51.532702	-0.125225	0.99	20524	14421600	26	0.98	413
141	51.532715	-0.125218	1.21	20524	14421700	26	0.98	413
142	51.532738	-0.125200	1.21	20524	14421900	26	0.98	413
143	51.532740	-0.125210	1.21	20524	14422000	26	0.98	414
144	51.532747	-0.125208	1.21	20524	14422100	25	0.98	414
145	51.532753	-0.125205	1.15	20524	14422200	27	0.98	415
146	51.532763	-0.125203	1.14	20524	14422300	26	0.98	417
147	51.532767	-0.125198	1.13	20524	14422400	26	0.98	416
148	51.532775	-0.125190	1.17	20524	14422500	25	0.98	418
149	51.532785	-0.125183	1.22	20524	14422600	26	0.98	418
150	51.532798	-0.125173	1.47	20524	14422700	26	0.98	418
151	51.532803	-0.125167	1.45	20524	14422800	26	0.62	418
152	51.532810	-0.125162	1.39	20524	14422900	26	0.62	420
153	51.532828	-0.125145	1.14	20524	14423100	26	0.62	418
154	51.532842	-0.125137	1.20	20524	14423200	26	0.62	418
155	51.532865	-0.125130	1.20	20524	14423300	26	0.62	421
156	51.532870	-0.125122	1.45	20524	14423400	27	0.62	406
157	51.532883	-0.125112	1.48	20524	14423500	25	0.62	394
158	51.532892	-0.125103	1.43	20524	14423600	24	0.62	389
159	51.532898	-0.125102	1.22	20524	14423700	25	0.62	385
160	51.532918	-0.125078	1.27	20524	14423800	24	0.62	386
161	51.532930	-0.125068	1.55	20524	14423900	24	0.62	388
162	51.532945	-0.125065	1.88	20524	14424000	25	0.62	394
163	51.532953	-0.125062	1.86	20524	14424100	25	0.62	398
164	51.532975	-0.125053	1.86	20524	14424300	25	0.62	399
165	51.532990	-0.125043	1.86	20524	14424400	25	0.62	400
166	51.533010	-0.125035	1.86	20524	14424500	25	0.62	403
167	51.533023	-0.125027	1.81	20524	14424600	25	0.62	403
168	51.533052	-0.124997	1.98	20524	14424700	25	0.62	405
169	51.533068	-0.124985	2.07	20524	14424800	25	0.62	405
170	51.533098	-0.124975	2.46	20524	14424900	25	0.62	404
171	51.533115	-0.124973	2.47	20524	14425000	26	0.62	397
172	51.533137	-0.124968	2.52	20524	14425100	24	0.62	399
173	51.533163	-0.124958	2.76	20524	14425200	24	0.62	404
174	51.533200	-0.124942	3.10	20524	14425300	25	0.62	400
175	51.533222	-0.124935	3.12	20524	14425400	25	0.62	390
176	51.533267	-0.124920	3.18	20524	14425600	24	0.62	388
177	51.533285	-0.124907	3.18	20524	14425700	24	0.62	393
178	51.533310	-0.124903	3.18	20524	14425800	24	0.62	394
179	51.533332	-0.124902	3.06	20524	14425900	25	0.62	397
180	51.533365	-0.124895	3.39	20524	14430000	25	0.62	399
181	51.533388	-0.124890	2.82	20524	14430100	25	0.62	401
182	51.533412	-0.124882	2.46	20524	14430200	25	0.62	401
183	51.533428	-0.124875	1.91	20524	14430300	25	0.62	398
184	51.533440	-0.124875	1.44	20524	14430400	25	0.62	397
185	51.533462	-0.124860	1.48	20524	14430500	25	0.62	398
186	51.533478	-0.124855	2.27	20524	14430600	25	0.62	400
187	51.533510	-0.124842	2.76	20524	14430800	25	0.62	403
188	51.533525	-0.124837	2.52	20524	14430900	26	0.62	404
189	51.533552	-0.124805	2.52	20524	14431000	26	0.62	407
190	51.533575	-0.124778	3.26	20524	14431100	26	0.62	408
191	51.533592	-0.124762	2.90	20524	14431200	25	0.62	409
192	51.533600	-0.124755	1.81	20524	14431300	26	0.62	408
193	51.533607	-0.124747	1.48	20524	14431400	26	0.62	408
194	51.533623	-0.124735	1.10	20524	14431500	26	0.62	408
195	51.533630	-0.124733	1.31	20524	14431600	26	0.62	408
196	51.533650	-0.124727	2.39	20524	14431700	27	0.62	409
197	51.533663	-0.124725	3.42	20524	14431800	26	0.62	408
198	51.533685	-0.124730	3.43	20524	14431900	26	0.62	406
199	51.533697	-0.124753	2.84	20524	14432100	26	0.62	406
200	51.533715	-0.124770	2.84	20524	14432200	26	0.62	407
201	51.533728	-0.124773	2.21	20524	14432300	27	0.62	409
202	51.533737	-0.124775	1.61	20524	14432400	26	0.62	409
203	51.533753	-0.124772	1.82	20524	14432500	26	0.62	409
204	51.533768	-0.124763	1.88	20524	14432600	26	0.62	408
205	51.533780	-0.124755	1.94	20524	14432700	26	0.62	407
206	51.533798	-0.124747	1.91	20524	14432800	26	0.62	408
207	51.533813	-0.124733	1.97	20524	14432900	26	0.62	416
208	51.533830	-0.124727	2.34	20524	14433000	25	0.62	411
209	51.533852	-0.124715	2.53	20524	14433100	26	0.62	404
210	51.533885	-0.124702	2.32	20524	14433300	25	0.62	401
211	51.533903	-0.124690	2.09	20524	14433400	26	0.62	396
212	51.533925	-0.124672	2.09	20524	14433500	25	0.62	395
213	51.533943	-0.124660	2.29	20524	14433600	25	0.62	395
214	51.533963	-0.124648	2.26	20524	14433700	25	0.62	398
215	51.533982	-0.124637	2.31	20524	14433800	25	0.62	396
216	51.534005	-0.124628	3.06	20524	14433900	25	0.62	396
217	51.534020	-0.124625	3.14	20524	14434000	25	0.62	396
218	51.534033	-0.124625	2.77	20524	14434100	25	0.62	395
219	51.534050	-0.124612	3.26	20524	14434200	25	0.62	398
220	51.534068	-0.124602	3.05	20524	14434300	25	0.62	399
221	51.534108	-0.124558	2.16	20524	14434400	25	0.62	402
222	51.534120	-0.124550	2.16	20524	14434600	25	0.62	405
223	51.534142	-0.124532	0.00	20524	14434700	26	0.62	407
224	51.534163	-0.124508	0.00	20524	14434800	26	0.62	406
225	51.534172	-0.124503	1.28	20524	14434900	26	0.62	406
226	51.534182	-0.124498	1.51	20524	14435000	26	0.62	406
227	51.534193	-0.124500	1.80	20524	14435100	26	0.62	407
228	51.534200	-0.124502	1.81	20524	14435200	26	0.62	408
229	51.534210	-0.124498	1.86	20524	14435300	26	0.62	408
230	51.534218	-0.124500	1.93	20524	14435400	25	0.62	407
231	51.534228	-0.124500	1.97	20524	14435500	26	0.62	406
232	51.534225	-0.124517	1.90	20524	14435600	26	0.62	407
233	51.534233	-0.124527	1.71	20524	14435800	27	0.62	407
234	51.534237	-0.124532	1.73	20524	14435900	26	0.62	407
235	51.534238	-0.124538	1.73	20524	14440000	25	0.62	408
236	51.534238	-0.124540	1.12	20524	14440100	26	0.62	408
237	51.534243	-0.124537	1.13	20524	14440200	26	0.62	409
238	51.534252	-0.124535	1.45	20524	14440300	26	0.62	409
239	51.534258	-0.124535	1.48	20524	14440400	26	0.62	408
240	51.534265	-0.124533	1.52	20524	14440500	26	0.62	408
241	51.534272	-0.124533	1.57	20524	14440600	26	0.62	409
242	51.534275	-0.124528	1.50	20524	14440700	26	0.62	410
243	51.534278	-0.124530	1.21	20524	14440800	26	0.62	413
244	51.534290	-0.124522	1.21	20524	14441000	26	0.62	409
245	51.534297	-0.124518	1.21	20524	14441100	26	0.62	405
246	51.534300	-0.124520	1.21	20524	14441200	26	0.62	405
247	51.534303	-0.124522	1.21	20524	14441300	26	0.62	405
248	51.534310	-0.124520	1.40	20524	14441400	25	0.62	407
249	51.534313	-0.124515	1.32	20524	14441500	26	0.62	407
250	51.534320	-0.124510	1.35	20524	14441600	26	0.62	409
251	51.534315	-0.124520	0.00	20524	14441700	26	0.62	409
252	51.534317	-0.124522	0.00	20524	14441800	27	0.62	409
253	51.534320	-0.124523	0.00	20524	14441900	26	0.62	410
254	51.534320	-0.124523	0.00	20524	14442000	26	0.62	409
255	51.534320	-0.124523	0.00	20524	14442100	26	0.62	411
256	51.534320	-0.124523	0.00	20524	14442300	26	0.62	411
257	51.534347	-0.124530	0.00	20524	14442400	26	0.62	409
258	51.534347	-0.124538	1.06	20524	14442500	26	0.62	400
259	51.534352	-0.124535	0.00	20524	14442600	26	0.62	397
260	51.534358	-0.124545	0.00	20524	14442700	25	0.62	397
261	51.534362	-0.124550	1.15	20524	14442800	25	0.62	390
262	51.534365	-0.124553	1.12	20524	14442900	25	0.62	398
263	51.534367	-0.124560	1.10	20524	14443000	25	0.62	377
264	51.534368	-0.124567	1.05	20524	14443100	23	0.62	377
265	51.534367	-0.124578	0.00	20524	14443200	24	0.62	371
266	51.534382	-0.124603	0.00	20524	14443300	23	0.62	367
267	51.534407	-0.124628	0.00	20524	14443500	24	0.62	363
268	51.534418	-0.124643	0.00	20524	14443600	23	0.62	367
269	51.534437	-0.124655	0.00	20524	14443700	23	0.62	376
270	51.534453	-0.124660	0.00	20524	14443800	24	0.62	385
271	51.534460	-0.124668	1.37	20524	14443900	24	0.62	377
272	51.534473	-0.124677	1.46	20524	14444000	24	0.62	369
273	51.534483	-0.124682	1.17	20524	14444100	23	0.62	359
274	51.534503	-0.124692	1.77	20524	14444200	23	0.62	358
275	51.534525	-0.124702	1.85	20524	14444300	23	0.62	342
276	51.534548	-0.124710	2.23	20524	14444400	22	0.62	344
277	51.534557	-0.124717	2.26	20524	14444500	22	0.62	344
278	51.534582	-0.124752	2.30	20524	14444700	23	0.62	337
279	51.534592	-0.124767	2.29	20524	14444800	22	0.62	343
280	51.534603	-0.124773	2.32	20524	14444900	22	0.62	350
281	51.534615	-0.124772	2.30	20524	14445000	23	0.62	362
282	51.534627	-0.124778	2.29	20524	14445100	23	0.62	363
283	51.534650	-0.124760	2.29	20524	14445200	23	0.62	364
284	51.534663	-0.124768	2.29	20524	14445300	23	0.62	367
285	51.534680	-0.124763	2.30	20524	14445400	23	0.62	369
286	51.534702	-0.124770	2.31	20524	14445500	24	0.62	372
287	51.534720	-0.124770	2.34	20524	14445600	24	0.62	378
288	51.534742	-0.124777	2.39	20524	14445700	24	0.62	377
289	51.534782	-0.124787	2.45	20524	14445900	24	0.62	375
290	51.534797	-0.124795	2.47	20524	14450000	24	0.62	376
291	51.534818	-0.124807	2.47	20524	14450100	25	0.62	379
292	51.534830	-0.124812	2.47	20524	14450200	24	0.62	380
293	51.534842	-0.124808	2.47	20524	14450300	24	0.62	379
294	51.534840	-0.124810	1.15	20524	14450400	25	0.62	381
295	51.534840	-0.124815	0.92	20524	14450500	24	0.62	382
296	51.534842	-0.124818	0.00	20524	14450600	22	0.62	384
297	51.534852	-0.124822	0.00	20524	14450700	23	0.62	385
298	51.534858	-0.124827	1.47	20524	14450800	25	0.62	384
299	51.534865	-0.124833	1.51	20524	14450900	25	0.62	384
300	51.534872	-0.124843	1.50	20524	14451000	24	0.62	384
301	51.534880	-0.124858	1.50	20524	14451200	24	0.62	385
302	51.534882	-0.124867	1.50	20524	14451300	24	0.62	387
303	51.534887	-0.124867	1.51	20524	14451400	24	0.62	389
304	51.534893	-0.124863	1.47	20524	14451500	24	0.62	384
305	51.534902	-0.124860	1.45	20524	14451600	24	0.62	388
306	51.534912	-0.124853	1.76	20524	14451700	24	0.62	387
307	51.534922	-0.124847	1.94	20524	14451800	24	0.62	386
308	51.534933	-0.124835	2.15	20524	14451900	25	0.62	385
309	51.534942	-0.124823	2.22	20524	14452000	24	0.62	386
310	51.534948	-0.124815	2.24	20524	14452100	24	0.62	387
311	51.534955	-0.124807	2.23	20524	14452200	24	0.62	399
312	51.534960	-0.124795	2.17	20524	14452300	25	0.62	394
313	51.534967	-0.124768	1.85	20524	14452500	25	0.62	388
314	51.534977	-0.124757	1.85	20524	14452600	24	0.62	386
315	51.534983	-0.124745	1.85	20524	14452700	24	0.62	375
316	51.534987	-0.124733	1.85	20524	14452800	24	0.62	370
317	51.534992	-0.124718	2.03	20524	14452900	23	0.62	373
318	51.534997	-0.124702	2.29	20524	14453000	23	0.62	376
319	51.535002	-0.124685	2.32	20524	14453100	23	0.62	374
320	51.535002	-0.124670	2.42	20524	14453200	23	0.62	375
321	51.535005	-0.124652	2.23	20524	14453300	24	0.62	459
322	51.535008	-0.124635	2.21	20524	14453400	29	0.62	395
323	51.535007	-0.124592	1.96	20524	14453600	25	0.62	380
324	51.535010	-0.124577	1.96	20524	14453700	25	0.62	382
325	51.535013	-0.124565	1.75	20524	14453800	25	0.62	382
326	51.535017	-0.124555	1.75	20524	14453900	22	0.62	383
327	51.535022	-0.124542	1.82	20524	14454000	24	0.62	385
328	51.535027	-0.124530	1.82	20524	14454100	24	0.62	386
329	51.535027	-0.124520	2.00	20524	14454200	24	0.62	385
330	51.535030	-0.124505	1.97	20524	14454300	24	0.62	382
331	51.535033	-0.124490	2.15	20524	14454400	23	0.62	382
332	51.535038	-0.124478	2.20	20524	14454500	24	0.62	385
333	51.535043	-0.124463	2.20	20524	14454600	24	0.62	387
334	51.535045	-0.124452	1.94	20524	14454700	24	0.62	387
335	51.535052	-0.124425	1.94	20524	14454900	24	0.62	387
336	51.535053	-0.124413	1.94	20524	14455000	24	0.62	396
337	51.535060	-0.124398	1.94	20524	14455100	25	0.62	391
338	51.535062	-0.124390	1.94	20524	14455200	24	0.62	381
339	51.535065	-0.124378	1.94	20524	14455300	23	0.62	383
340	51.535070	-0.124367	1.91	20524	14455400	25	0.62	387
341	51.535080	-0.124350	1.93	20524	14455500	24	0.62	388
342	51.535078	-0.124337	1.99	20524	14455600	24	0.62	388
343	51.535080	-0.124322	1.96	20524	14455700	25	0.62	388
344	51.535065	-0.124297	1.89	20524	14455800	25	0.62	387
345	51.535068	-0.124278	1.96	20524	14455900	24	0.62	383
346	51.535060	-0.124240	1.96	20524	14460100	24	0.62	381
347	51.535057	-0.124222	1.96	20524	14460200	24	0.62	381
348	51.535060	-0.124202	1.98	20524	14460300	24	0.62	380
349	51.535062	-0.124188	1.97	20524	14460400	24	0.62	386
350	51.535052	-0.124160	1.97	20524	14460500	24	0.62	387
351	51.535055	-0.124142	2.00	20524	14460600	24	0.62	383
352	51.535050	-0.124123	2.20	20524	14460700	24	0.62	382
353	51.535048	-0.124107	2.19	20524	14460800	24	0.62	385
354	51.535047	-0.124088	2.16	20524	14460900	24	0.62	386
355	51.535040	-0.124072	2.09	20524	14461000	24	0.62	387
356	51.535035	-0.124053	1.86	20524	14461100	24	0.62	365
357	51.535033	-0.124042	1.80	20524	14461200	23	0.62	352
358	51.535032	-0.124005	2.14	20524	14461400	23	0.62	349
359	51.535042	-0.123987	1.81	20524	14461500	23	0.62	355
360	51.535040	-0.123973	2.00	20524	14461600	23	0.62	363
361	51.535038	-0.123955	2.00	20524	14461700	23	0.62	367
362	51.535042	-0.123932	1.98	20524	14461800	23	0.62	371
363	51.535045	-0.123915	2.00	20524	14461900	24	0.62	381
364	51.535040	-0.123902	2.01	20524	14462000	25	0.62	375
365	51.535045	-0.123888	1.75	20524	14462100	24	0.62	352
366	51.535050	-0.123872	1.70	20524	14462200	23	0.62	354
367	51.535050	-0.123855	1.74	20524	14462300	23	0.62	378
368	51.535053	-0.123840	1.83	20524	14462400	24	0.62	374
369	51.535048	-0.123817	1.60	20524	14462600	23	0.62	355
370	51.535055	-0.123805	1.80	20524	14462700	22	0.62	346
371	51.535062	-0.123793	1.80	20524	14462800	22	0.62	348
372	51.535068	-0.123762	1.80	20524	14463000	23	0.62	353
373	51.535060	-0.123735	1.61	20524	14463100	23	0.62	346
374	51.535057	-0.123713	1.61	20524	14463200	22	0.62	352
375	51.535057	-0.123695	1.71	20524	14463300	23	0.62	350
376	51.535057	-0.123680	1.81	20524	14463400	23	0.62	343
377	51.535052	-0.123655	2.05	20524	14463500	23	0.62	348
378	51.535053	-0.123633	2.08	20524	14463600	23	0.62	355
379	51.535055	-0.123612	2.27	20524	14463700	23	0.62	361
380	51.535038	-0.123575	2.23	20524	14463800	23	0.62	360
381	51.535032	-0.123557	2.21	20524	14463900	23	0.62	343
382	51.535037	-0.123537	2.23	20524	14464000	23	0.62	342
383	51.535045	-0.123518	2.30	20524	14464100	22	0.62	344
384	51.535052	-0.123510	2.59	20524	14464200	22	0.62	343
385	51.535050	-0.123497	2.12	20524	14464300	22	0.62	348
386	51.535060	-0.123477	2.35	20524	14464500	23	0.62	354
387	51.535065	-0.123468	2.08	20524	14464600	23	0.62	358
388	51.535070	-0.123462	2.08	20524	14464700	23	0.62	360
389	51.535077	-0.123458	2.05	20524	14464800	23	0.62	364
390	51.535078	-0.123445	2.05	20524	14464900	23	0.62	365
391	51.535077	-0.123438	2.15	20524	14465000	23	0.62	367
392	51.535085	-0.123430	2.17	20524	14465100	23	0.62	367
393	51.535090	-0.123420	2.20	20524	14465200	23	0.62	367
394	51.535093	-0.123410	2.24	20524	14465300	23	0.62	368
395	51.535095	-0.123397	1.86	20524	14465400	24	0.62	367
396	51.535095	-0.123397	1.83	20524	14465400	23	0.62	375
397	51.535102	-0.123372	2.73	20524	14465600	24	0.62	369
398	51.535100	-0.123365	2.73	20524	14465700	24	0.62	369
399	51.535098	-0.123357	1.97	20524	14465800	23	0.62	369
400	51.535098	-0.123348	1.97	20524	14465900	24	0.62	367
401	51.535098	-0.123348	1.96	20524	14465900	24	0.62	369
402	51.535098	-0.123335	1.22	20524	14470100	24	0.62	370
403	51.535102	-0.123323	1.22	20524	14470200	24	0.62	373
404	51.535105	-0.123310	1.22	20524	14470300	24	1.16	373
405	51.535108	-0.123293	2.28	20524	14470400	24	1.16	374
406	51.535107	-0.123283	2.28	20524	14470500	23	1.16	367
407	51.535107	-0.123270	2.04	20524	14470600	23	1.16	361
408	51.535107	-0.123255	2.03	20524	14470700	23	1.16	363
409	51.535107	-0.123235	2.11	20524	14470800	24	1.16	367
410	51.535105	-0.123217	2.58	20524	14470900	24	1.16	369
411	51.535103	-0.123187	3.31	20524	14471000	24	1.16	370
412	51.535105	-0.123172	3.35	20524	14471100	24	1.16	374
413	51.535108	-0.123158	1.92	20524	14471200	24	1.16	374
414	51.535110	-0.123133	2.74	20524	14471400	24	1.16	371
415	51.535110	-0.123118	2.31	20524	14471500	24	1.16	375
416	51.535108	-0.123105	2.07	20524	14471600	24	1.16	370
417	51.535108	-0.123092	1.89	20524	14471700	24	1.16	363
418	51.535108	-0.123080	2.61	20524	14471800	24	1.16	364
419	51.535108	-0.123067	1.66	20524	14471900	23	1.16	368
420	51.535107	-0.123058	1.97	20524	14472000	24	1.16	372
421	51.535108	-0.123045	1.62	20524	14472100	24	1.16	374
422	51.535108	-0.123033	1.62	20524	14472200	24	1.16	371
423	51.535108	-0.123028	1.83	20524	14472300	24	1.16	365
424	51.535110	-0.123020	1.25	20524	14472400	23	1.16	366
425	51.535115	-0.122988	1.25	20524	14472600	24	1.16	369
426	51.535117	-0.122978	1.25	20524	14472700	23	1.16	371
427	51.535118	-0.122965	1.57	20524	14472800	24	1.16	372
428	51.535120	-0.122953	1.57	20524	14472900	24	1.16	378
429	51.535123	-0.122940	1.57	20524	14473000	25	1.16	380
430	51.535123	-0.122923	1.53	20524	14473100	25	1.16	378
431	51.535120	-0.122912	1.80	20524	14473200	24	1.16	379
432	51.535117	-0.122897	1.84	20524	14473300	25	0.62	378
433	51.535115	-0.122882	1.92	20524	14473400	25	0.62	372
434	51.535113	-0.122867	2.00	20524	14473500	24	0.62	371
435	51.535108	-0.122855	2.08	20524	14473600	23	0.62	371
436	51.535078	-0.122873	1.85	20524	14473800	24	0.62	373
437	51.535077	-0.122865	1.16	20524	14473900	25	0.62	376
438	51.535078	-0.122858	1.16	20524	14474000	24	0.62	377
439	51.535075	-0.122853	0.00	20524	14474100	24	0.62	377
440	51.535078	-0.122837	0.00	20524	14474200	21	0.62	374
441	51.535083	-0.122807	0.98	20524	14474300	24	0.62	375
442	51.535082	-0.122787	1.76	20524	14474400	24	0.62	377
443	51.535082	-0.122770	1.78	20524	14474500	22	0.62	378
444	51.535085	-0.122757	1.75	20524	14474600	24	0.62	381
445	51.535087	-0.122747	1.36	20524	14474700	25	0.62	380
446	51.535088	-0.122742	0.91	20524	14474800	24	0.62	381
447	51.535098	-0.122737	0.00	20524	14474900	25	0.62	381
448	51.535100	-0.122735	0.00	20524	14475000	24	0.62	382
449	51.535100	-0.122735	0.00	20524	14475000	24	0.62	383
450	51.535100	-0.122735	0.00	20524	14475200	22	0.62	384
451	51.535100	-0.122735	0.00	20524	14475200	25	0.62	384
452	51.535100	-0.122735	0.00	20524	14475400	24	0.62	378
453	51.535100	-0.122735	0.00	20524	14475500	24	0.62	374
454	51.535100	-0.122735	0.00	20524	14475600	24	0.62	374
455	51.535100	-0.122735	0.00	20524	14475700	24	0.62	373
456	51.535100	-0.122735	0.00	20524	14475800	24	0.62	365
457	51.535100	-0.122735	0.00	20524	14475900	23	0.62	357
458	51.535132	-0.122693	0.00	20524	14480000	23	0.62	358
459	51.535132	-0.122693	1.58	20524	14480000	23	0.62	358
460	51.535142	-0.122682	1.58	20524	14480100	23	0.62	359
461	51.535145	-0.122622	1.58	20524	14480200	23	0.62	363
462	51.535145	-0.122622	2.12	20524	14480200	23	0.62	362
463	51.535172	-0.122590	2.12	20524	14480400	23	0.62	364
464	51.535182	-0.122583	2.12	20524	14480500	23	1.79	358
465	51.535192	-0.122570	2.12	20524	14480600	21	1.79	349
466	51.535185	-0.122543	2.12	20524	14480700	23	1.79	369
467	51.535158	-0.122527	2.12	20524	14480800	24	1.79	359
468	51.535158	-0.122517	2.26	20524	14480900	23	1.79	358
469	51.535160	-0.122512	2.26	20524	14481000	23	1.79	361
470	51.535162	-0.122508	2.26	20524	14481100	23	1.79	368
471	51.535165	-0.122502	2.14	20524	14481200	24	1.79	363
472	51.535173	-0.122498	2.16	20524	14481300	23	1.79	359
473	51.535182	-0.122502	2.19	20524	14481400	23	1.79	362
474	51.535188	-0.122502	2.16	20524	14481500	23	1.79	365
475	51.535200	-0.122500	2.15	20524	14481600	23	1.79	367
476	51.535210	-0.122497	2.15	20524	14481700	24	1.79	369
477	51.535220	-0.122495	2.11	20524	14481800	19	1.79	369
478	51.535238	-0.122485	2.11	20524	14482000	24	1.79	368
479	51.535247	-0.122482	2.11	20524	14482100	24	1.79	369
480	51.535257	-0.122472	2.11	20524	14482200	23	1.79	371
481	51.535272	-0.122462	2.11	20524	14482300	24	1.79	371
482	51.535282	-0.122448	1.84	20524	14482400	24	1.79	365
483	51.535292	-0.122443	1.46	20524	14482500	23	1.79	362
484	51.535305	-0.122445	1.39	20524	14482600	23	1.79	363
485	51.535317	-0.122443	1.65	20524	14482700	23	1.79	366
486	51.535328	-0.122437	1.70	20524	14482800	25	1.79	369
487	51.535338	-0.122437	1.80	20524	14482900	24	1.79	370
488	51.535352	-0.122437	1.81	20524	14483000	24	1.79	368
489	51.535377	-0.122440	1.88	20524	14483200	24	1.79	366
490	51.535387	-0.122440	1.88	20524	14483300	24	1.79	365
491	51.535398	-0.122440	1.88	20524	14483400	23	0.63	363
492	51.535403	-0.122437	1.77	20524	14483500	23	0.63	364
493	51.535415	-0.122437	1.77	20524	14483600	24	0.63	366
494	51.535425	-0.122435	1.94	20524	14483700	24	0.63	369
495	51.535438	-0.122435	1.99	20524	14483800	23	0.63	370
496	51.535445	-0.122438	2.08	20524	14483900	24	0.63	371
497	51.535460	-0.122448	2.09	20524	14484000	24	0.63	370
498	51.535462	-0.122455	2.12	20524	14484100	24	0.63	371
499	51.535470	-0.122460	1.51	20524	14484200	24	0.63	372
500	51.535478	-0.122462	1.46	20524	14484300	24	0.63	373
501	51.535488	-0.122465	1.43	20524	14484500	23	0.63	372
502	51.535493	-0.122468	1.43	20524	14484600	24	0.63	371
503	51.535502	-0.122470	1.43	20524	14484700	25	0.63	370
504	51.535507	-0.122475	1.69	20524	14484800	24	0.63	370
505	51.535513	-0.122477	1.65	20524	14484900	24	0.63	370
506	51.535518	-0.122478	1.59	20524	14485000	23	0.63	371
507	51.535527	-0.122480	1.58	20524	14485100	24	0.63	372
508	51.535537	-0.122480	1.61	20524	14485200	22	0.63	373
509	51.535547	-0.122478	1.66	20524	14485300	24	0.63	375
510	51.535553	-0.122478	1.89	20524	14485400	24	0.63	375
511	51.535562	-0.122477	1.91	20524	14485500	24	0.63	375
512	51.535575	-0.122475	1.83	20524	14485700	24	0.63	375
513	51.535582	-0.122473	1.76	20524	14485800	23	0.63	374
514	51.535598	-0.122475	1.76	20524	14485900	24	0.63	375
515	51.535608	-0.122478	2.44	20524	14490000	24	0.63	375
516	51.535627	-0.122480	2.39	20524	14490100	24	0.63	376
517	51.535638	-0.122482	2.41	20524	14490200	24	0.63	366
518	51.535650	-0.122482	2.42	20524	14490300	23	0.63	351
519	51.535665	-0.122483	2.36	20524	14490400	23	0.62	354
520	51.535688	-0.122485	2.28	20524	14490500	23	0.62	361
521	51.535708	-0.122485	2.29	20524	14490600	23	0.62	373
522	51.535725	-0.122482	2.57	20524	14490700	24	0.62	349
523	51.535743	-0.122490	2.36	20524	14490900	23	0.62	350
524	51.535747	-0.122493	2.09	20524	14491000	23	0.62	358
525	51.535747	-0.122503	2.01	20524	14491100	23	0.62	362
526	51.535750	-0.122513	2.01	20524	14491200	23	0.62	358
527	51.535753	-0.122525	1.98	20524	14491300	23	0.62	359
528	51.535760	-0.122533	1.99	20524	14491400	23	0.62	363
529	51.535763	-0.122547	1.93	20524	14491500	23	0.62	365
530	51.535770	-0.122557	1.92	20524	14491600	24	0.62	367
531	51.535772	-0.122568	1.92	20524	14491700	24	0.62	368
532	51.535778	-0.122580	1.66	20524	14491800	24	0.62	360
533	51.535782	-0.122587	1.68	20524	14491900	23	0.62	351
534	51.535787	-0.122593	1.44	20524	14492000	22	0.62	351
535	51.535793	-0.122615	1.93	20524	14492200	23	0.62	351
536	51.535798	-0.122622	1.93	20524	14492300	22	0.62	345
537	51.535802	-0.122633	2.15	20524	14492400	23	0.62	350
538	51.535803	-0.122645	2.15	20524	14492500	23	0.62	355
539	51.535807	-0.122653	2.12	20524	14492600	22	0.62	355
540	51.535810	-0.122663	1.61	20524	14492700	23	0.62	357
541	51.535812	-0.122675	1.84	20524	14492800	23	0.62	360
542	51.535818	-0.122678	1.81	20524	14492900	23	0.62	363
543	51.535830	-0.122675	1.35	20524	14493000	23	0.62	366
544	51.535835	-0.122683	1.77	20524	14493100	24	0.62	368
545	51.535840	-0.122688	1.37	20524	14493200	23	0.62	358
546	51.535847	-0.122717	1.37	20524	14493400	23	0.62	362
547	51.535850	-0.122730	1.37	20524	14493500	22	0.62	357
548	51.535853	-0.122747	2.26	20524	14493600	22	0.62	359
549	51.535860	-0.122765	2.26	20524	14493700	23	0.62	363
550	51.535877	-0.122775	2.39	20524	14493800	23	0.62	364
551	51.535873	-0.122798	2.43	20524	14493900	23	0.62	373
552	51.535878	-0.122812	2.62	20524	14494000	24	0.62	367
553	51.535878	-0.122822	2.23	20524	14494100	23	0.62	369
554	51.535887	-0.122828	1.67	20524	14494200	24	0.62	371
555	51.535885	-0.122848	2.16	20524	14494300	24	0.62	373
556	51.535873	-0.122885	1.46	20524	14494400	23	0.62	373
557	51.535875	-0.122943	2.23	20524	14494600	24	0.62	374
558	51.535867	-0.122965	2.23	20524	14494700	24	0.62	373
559	51.535863	-0.122987	2.23	20524	14494800	24	0.62	370
560	51.535865	-0.123002	2.23	20524	14494900	24	0.62	372
561	51.535870	-0.123012	2.23	20524	14495000	23	0.62	375
562	51.535870	-0.123020	2.00	20524	14495100	23	0.62	372
563	51.535865	-0.123027	1.33	20524	14495200	24	0.62	371
564	51.535863	-0.123033	0.00	20524	14495300	24	0.62	371
565	51.535865	-0.123033	0.00	20524	14495400	23	0.62	385
566	51.535865	-0.123033	0.00	20524	14495500	24	0.62	373
567	51.535865	-0.123033	0.00	20524	14495600	24	0.62	373
568	51.535865	-0.123033	0.00	20524	14495700	24	0.62	370
569	51.535865	-0.123033	0.00	20524	14495900	24	0.62	394
570	51.535865	-0.123033	0.00	20524	14500000	25	0.62	373
571	51.535865	-0.123033	0.00	20524	14500000	23	0.62	360
572	51.535865	-0.123033	0.00	20524	14500200	23	0.62	361
